t_s,active_faults,dropout_agent_id,sensor_bad_agent_id,comm_scale
0.0,,,,1.0
0.020833333333333332,,,,1.0
0.041666666666666664,,,,1.0
0.0625,,,,1.0
0.08333333333333333,,,,1.0
0.10416666666666667,,,,1.0
0.125,,,,1.0
0.14583333333333334,,,,1.0
0.16666666666666666,,,,1.0
0.1875,,,,1.0
0.20833333333333334,,,,1.0
0.22916666666666666,,,,1.0
0.25,,,,1.0
0.2708333333333333,,,,1.0
0.2916666666666667,,,,1.0
0.3125,,,,1.0
0.3333333333333333,,,,1.0
0.3541666666666667,,,,1.0
0.375,,,,1.0
0.3958333333333333,,,,1.0
0.4166666666666667,,,,1.0
0.4375,,,,1.0
0.4583333333333333,,,,1.0
0.4791666666666667,,,,1.0
0.5,,,,1.0
0.5208333333333334,,,,1.0
0.5416666666666666,,,,1.0
0.5625,,,,1.0
0.5833333333333334,,,,1.0
0.6041666666666666,,,,1.0
0.625,,,,1.0
0.6458333333333334,,,,1.0
0.6666666666666666,,,,1.0
0.6875,,,,1.0
0.7083333333333334,,,,1.0
0.7291666666666666,,,,1.0
0.75,,,,1.0
0.7708333333333334,,,,1.0
0.7916666666666666,,,,1.0
0.8125,,,,1.0
0.8333333333333334,,,,1.0
0.8541666666666666,,,,1.0
0.875,,,,1.0
0.8958333333333334,,,,1.0
0.9166666666666666,,,,1.0
0.9375,,,,1.0
0.9583333333333334,,,,1.0
0.9791666666666666,,,,1.0
1.0,,,,1.0
1.0208333333333333,,,,1.0
1.0416666666666667,,,,1.0
1.0625,,,,1.0
1.0833333333333333,,,,1.0
1.1041666666666667,,,,1.0
1.125,,,,1.0
1.1458333333333333,,,,1.0
1.1666666666666667,,,,1.0
1.1875,,,,1.0
1.2083333333333333,,,,1.0
1.2291666666666667,,,,1.0
1.25,,,,1.0
1.2708333333333333,,,,1.0
1.2916666666666667,,,,1.0
1.3125,,,,1.0
1.3333333333333333,,,,1.0
1.3541666666666667,,,,1.0
1.375,,,,1.0
1.3958333333333333,,,,1.0
1.4166666666666667,,,,1.0
1.4375,,,,1.0
1.4583333333333333,,,,1.0
1.4791666666666667,,,,1.0
1.5,,,,1.0
1.5208333333333333,,,,1.0
1.5416666666666667,,,,1.0
1.5625,,,,1.0
1.5833333333333333,,,,1.0
1.6041666666666667,,,,1.0
1.625,,,,1.0
1.6458333333333333,,,,1.0
1.6666666666666667,,,,1.0
1.6875,,,,1.0
1.7083333333333333,,,,1.0
1.7291666666666667,,,,1.0
1.75,,,,1.0
1.7708333333333333,,,,1.0
1.7916666666666667,,,,1.0
1.8125,,,,1.0
1.8333333333333333,,,,1.0
1.8541666666666667,,,,1.0
1.875,,,,1.0
1.8958333333333333,,,,1.0
1.9166666666666667,,,,1.0
1.9375,,,,1.0
1.9583333333333333,,,,1.0
1.9791666666666667,,,,1.0
2.0,,,,1.0
2.0208333333333335,,,,1.0
2.0416666666666665,,,,1.0
2.0625,,,,1.0
2.0833333333333335,,,,1.0
2.1041666666666665,,,,1.0
2.125,,,,1.0
2.1458333333333335,,,,1.0
2.1666666666666665,,,,1.0
2.1875,,,,1.0
2.2083333333333335,,,,1.0
2.2291666666666665,,,,1.0
2.25,,,,1.0
2.2708333333333335,,,,1.0
2.2916666666666665,,,,1.0
2.3125,,,,1.0
2.3333333333333335,,,,1.0
2.3541666666666665,,,,1.0
2.375,,,,1.0
2.3958333333333335,,,,1.0
2.4166666666666665,,,,1.0
2.4375,,,,1.0
2.4583333333333335,,,,1.0
2.4791666666666665,,,,1.0
2.5,,,,1.0
2.5208333333333335,,,,1.0
2.5416666666666665,,,,1.0
2.5625,,,,1.0
2.5833333333333335,,,,1.0
2.6041666666666665,,,,1.0
2.625,,,,1.0
2.6458333333333335,,,,1.0
2.6666666666666665,,,,1.0
2.6875,,,,1.0
2.7083333333333335,,,,1.0
2.7291666666666665,,,,1.0
2.75,,,,1.0
2.7708333333333335,,,,1.0
2.7916666666666665,,,,1.0
2.8125,,,,1.0
2.8333333333333335,,,,1.0
2.8541666666666665,,,,1.0
2.875,,,,1.0
2.8958333333333335,,,,1.0
2.9166666666666665,,,,1.0
2.9375,,,,1.0
2.9583333333333335,,,,1.0
2.9791666666666665,,,,1.0
3.0,,,,1.0
3.0208333333333335,,,,1.0
3.0416666666666665,,,,1.0
3.0625,,,,1.0
3.0833333333333335,,,,1.0
3.1041666666666665,,,,1.0
3.125,,,,1.0
3.1458333333333335,,,,1.0
3.1666666666666665,,,,1.0
3.1875,,,,1.0
3.2083333333333335,,,,1.0
3.2291666666666665,,,,1.0
3.25,,,,1.0
3.2708333333333335,,,,1.0
3.2916666666666665,,,,1.0
3.3125,,,,1.0
3.3333333333333335,,,,1.0
3.3541666666666665,,,,1.0
3.375,,,,1.0
3.3958333333333335,,,,1.0
3.4166666666666665,,,,1.0
3.4375,,,,1.0
3.4583333333333335,,,,1.0
3.4791666666666665,,,,1.0
3.5,,,,1.0
3.5208333333333335,,,,1.0
3.5416666666666665,,,,1.0
3.5625,,,,1.0
3.5833333333333335,,,,1.0
3.6041666666666665,,,,1.0
3.625,,,,1.0
3.6458333333333335,,,,1.0
3.6666666666666665,,,,1.0
3.6875,,,,1.0
3.7083333333333335,,,,1.0
3.7291666666666665,,,,1.0
3.75,,,,1.0
3.7708333333333335,,,,1.0
3.7916666666666665,,,,1.0
3.8125,,,,1.0
3.8333333333333335,,,,1.0
3.8541666666666665,,,,1.0
3.875,,,,1.0
3.8958333333333335,,,,1.0
3.9166666666666665,,,,1.0
3.9375,,,,1.0
3.9583333333333335,,,,1.0
3.9791666666666665,,,,1.0
4.0,,,,1.0
4.020833333333333,,,,1.0
4.041666666666667,,,,1.0
4.0625,,,,1.0
4.083333333333333,,,,1.0
4.104166666666667,,,,1.0
4.125,,,,1.0
4.145833333333333,,,,1.0
4.166666666666667,,,,1.0
4.1875,,,,1.0
4.208333333333333,,,,1.0
4.229166666666667,,,,1.0
4.25,,,,1.0
4.270833333333333,,,,1.0
4.291666666666667,,,,1.0
4.3125,,,,1.0
4.333333333333333,,,,1.0
4.354166666666667,,,,1.0
4.375,,,,1.0
4.395833333333333,,,,1.0
4.416666666666667,,,,1.0
4.4375,,,,1.0
4.458333333333333,,,,1.0
4.479166666666667,,,,1.0
4.5,,,,1.0
4.520833333333333,,,,1.0
4.541666666666667,,,,1.0
4.5625,,,,1.0
4.583333333333333,,,,1.0
4.604166666666667,,,,1.0
4.625,,,,1.0
4.645833333333333,,,,1.0
4.666666666666667,,,,1.0
4.6875,,,,1.0
4.708333333333333,,,,1.0
4.729166666666667,,,,1.0
4.75,,,,1.0
4.770833333333333,,,,1.0
4.791666666666667,,,,1.0
4.8125,,,,1.0
4.833333333333333,,,,1.0
4.854166666666667,,,,1.0
4.875,,,,1.0
4.895833333333333,,,,1.0
4.916666666666667,,,,1.0
4.9375,,,,1.0
4.958333333333333,,,,1.0
4.979166666666667,,,,1.0
5.0,,,,1.0
5.020833333333333,,,,1.0
5.041666666666667,,,,1.0
5.0625,,,,1.0
5.083333333333333,,,,1.0
5.104166666666667,,,,1.0
5.125,,,,1.0
5.145833333333333,,,,1.0
5.166666666666667,,,,1.0
5.1875,,,,1.0
5.208333333333333,,,,1.0
5.229166666666667,,,,1.0
5.25,,,,1.0
5.270833333333333,,,,1.0
5.291666666666667,,,,1.0
5.3125,,,,1.0
5.333333333333333,,,,1.0
5.354166666666667,,,,1.0
5.375,,,,1.0
5.395833333333333,,,,1.0
5.416666666666667,,,,1.0
5.4375,,,,1.0
5.458333333333333,,,,1.0
5.479166666666667,,,,1.0
5.5,,,,1.0
5.520833333333333,,,,1.0
5.541666666666667,,,,1.0
5.5625,,,,1.0
5.583333333333333,,,,1.0
5.604166666666667,,,,1.0
5.625,,,,1.0
5.645833333333333,,,,1.0
5.666666666666667,,,,1.0
5.6875,,,,1.0
5.708333333333333,,,,1.0
5.729166666666667,,,,1.0
5.75,,,,1.0
5.770833333333333,,,,1.0
5.791666666666667,,,,1.0
5.8125,,,,1.0
5.833333333333333,,,,1.0
5.854166666666667,,,,1.0
5.875,,,,1.0
5.895833333333333,,,,1.0
5.916666666666667,,,,1.0
5.9375,,,,1.0
5.958333333333333,,,,1.0
5.979166666666667,,,,1.0
6.0,,,,1.0
6.020833333333333,,,,1.0
6.041666666666667,,,,1.0
6.0625,,,,1.0
6.083333333333333,,,,1.0
6.104166666666667,,,,1.0
6.125,,,,1.0
6.145833333333333,,,,1.0
6.166666666666667,,,,1.0
6.1875,,,,1.0
6.208333333333333,,,,1.0
6.229166666666667,,,,1.0
6.25,,,,1.0
6.270833333333333,,,,1.0
6.291666666666667,,,,1.0
6.3125,,,,1.0
6.333333333333333,,,,1.0
6.354166666666667,,,,1.0
6.375,,,,1.0
6.395833333333333,,,,1.0
6.416666666666667,,,,1.0
6.4375,,,,1.0
6.458333333333333,,,,1.0
6.479166666666667,,,,1.0
6.5,,,,1.0
6.520833333333333,,,,1.0
6.541666666666667,,,,1.0
6.5625,,,,1.0
6.583333333333333,,,,1.0
6.604166666666667,,,,1.0
6.625,,,,1.0
6.645833333333333,,,,1.0
6.666666666666667,,,,1.0
6.6875,,,,1.0
6.708333333333333,,,,1.0
6.729166666666667,,,,1.0
6.75,,,,1.0
6.770833333333333,,,,1.0
6.791666666666667,,,,1.0
6.8125,,,,1.0
6.833333333333333,,,,1.0
6.854166666666667,,,,1.0
6.875,,,,1.0
6.895833333333333,,,,1.0
6.916666666666667,,,,1.0
6.9375,,,,1.0
6.958333333333333,,,,1.0
6.979166666666667,,,,1.0
7.0,,,,1.0
7.020833333333333,,,,1.0
7.041666666666667,,,,1.0
7.0625,,,,1.0
7.083333333333333,,,,1.0
7.104166666666667,,,,1.0
7.125,,,,1.0
7.145833333333333,,,,1.0
7.166666666666667,,,,1.0
7.1875,,,,1.0
7.208333333333333,,,,1.0
7.229166666666667,,,,1.0
7.25,,,,1.0
7.270833333333333,,,,1.0
7.291666666666667,,,,1.0
7.3125,,,,1.0
7.333333333333333,,,,1.0
7.354166666666667,,,,1.0
7.375,,,,1.0
7.395833333333333,,,,1.0
7.416666666666667,,,,1.0
7.4375,,,,1.0
7.458333333333333,,,,1.0
7.479166666666667,,,,1.0
7.5,,,,1.0
7.520833333333333,,,,1.0
7.541666666666667,,,,1.0
7.5625,,,,1.0
7.583333333333333,,,,1.0
7.604166666666667,,,,1.0
7.625,,,,1.0
7.645833333333333,,,,1.0
7.666666666666667,,,,1.0
7.6875,,,,1.0
7.708333333333333,,,,1.0
7.729166666666667,,,,1.0
7.75,,,,1.0
7.770833333333333,,,,1.0
7.791666666666667,,,,1.0
7.8125,,,,1.0
7.833333333333333,,,,1.0
7.854166666666667,,,,1.0
7.875,,,,1.0
7.895833333333333,,,,1.0
7.916666666666667,,,,1.0
7.9375,,,,1.0
7.958333333333333,,,,1.0
7.979166666666667,,,,1.0
8.0,,,,1.0
8.020833333333334,,,,1.0
8.041666666666666,,,,1.0
8.0625,,,,1.0
8.083333333333334,,,,1.0
8.104166666666666,,,,1.0
8.125,,,,1.0
8.145833333333334,,,,1.0
8.166666666666666,,,,1.0
8.1875,,,,1.0
8.208333333333334,,,,1.0
8.229166666666666,,,,1.0
8.25,,,,1.0
8.270833333333334,,,,1.0
8.291666666666666,,,,1.0
8.3125,,,,1.0
8.333333333333334,,,,1.0
8.354166666666666,,,,1.0
8.375,,,,1.0
8.395833333333334,,,,1.0
8.416666666666666,,,,1.0
8.4375,,,,1.0
8.458333333333334,,,,1.0
8.479166666666666,,,,1.0
8.5,,,,1.0
8.520833333333334,,,,1.0
8.541666666666666,,,,1.0
8.5625,,,,1.0
8.583333333333334,,,,1.0
8.604166666666666,,,,1.0
8.625,,,,1.0
8.645833333333334,,,,1.0
8.666666666666666,,,,1.0
8.6875,,,,1.0
8.708333333333334,,,,1.0
8.729166666666666,,,,1.0
8.75,,,,1.0
8.770833333333334,,,,1.0
8.791666666666666,,,,1.0
8.8125,,,,1.0
8.833333333333334,,,,1.0
8.854166666666666,,,,1.0
8.875,,,,1.0
8.895833333333334,,,,1.0
8.916666666666666,,,,1.0
8.9375,,,,1.0
8.958333333333334,,,,1.0
8.979166666666666,,,,1.0
9.0,,,,1.0
9.020833333333334,,,,1.0
9.041666666666666,,,,1.0
9.0625,,,,1.0
9.083333333333334,,,,1.0
9.104166666666666,,,,1.0
9.125,,,,1.0
9.145833333333334,,,,1.0
9.166666666666666,,,,1.0
9.1875,,,,1.0
9.208333333333334,,,,1.0
9.229166666666666,,,,1.0
9.25,,,,1.0
9.270833333333334,,,,1.0
9.291666666666666,,,,1.0
9.3125,,,,1.0
9.333333333333334,,,,1.0
9.354166666666666,,,,1.0
9.375,,,,1.0
9.395833333333334,,,,1.0
9.416666666666666,,,,1.0
9.4375,,,,1.0
9.458333333333334,,,,1.0
9.479166666666666,,,,1.0
9.5,,,,1.0
9.520833333333334,,,,1.0
9.541666666666666,,,,1.0
9.5625,,,,1.0
9.583333333333334,,,,1.0
9.604166666666666,,,,1.0
9.625,,,,1.0
9.645833333333334,,,,1.0
9.666666666666666,,,,1.0
9.6875,,,,1.0
9.708333333333334,,,,1.0
9.729166666666666,,,,1.0
9.75,,,,1.0
9.770833333333334,,,,1.0
9.791666666666666,,,,1.0
9.8125,,,,1.0
9.833333333333334,,,,1.0
9.854166666666666,,,,1.0
9.875,,,,1.0
9.895833333333334,,,,1.0
9.916666666666666,,,,1.0
9.9375,,,,1.0
9.958333333333334,,,,1.0
9.979166666666666,,,,1.0
10.0,,,,1.0
10.020833333333334,,,,1.0
10.041666666666666,,,,1.0
10.0625,,,,1.0
10.083333333333334,,,,1.0
10.104166666666666,,,,1.0
10.125,,,,1.0
10.145833333333334,,,,1.0
10.166666666666666,,,,1.0
10.1875,,,,1.0
10.208333333333334,,,,1.0
10.229166666666666,,,,1.0
10.25,,,,1.0
10.270833333333334,,,,1.0
10.291666666666666,,,,1.0
10.3125,,,,1.0
10.333333333333334,,,,1.0
10.354166666666666,,,,1.0
10.375,,,,1.0
10.395833333333334,,,,1.0
10.416666666666666,,,,1.0
10.4375,,,,1.0
10.458333333333334,,,,1.0
10.479166666666666,,,,1.0
10.5,,,,1.0
10.520833333333334,,,,1.0
10.541666666666666,,,,1.0
10.5625,,,,1.0
10.583333333333334,,,,1.0
10.604166666666666,,,,1.0
10.625,,,,1.0
10.645833333333334,,,,1.0
10.666666666666666,,,,1.0
10.6875,,,,1.0
10.708333333333334,,,,1.0
10.729166666666666,,,,1.0
10.75,,,,1.0
10.770833333333334,,,,1.0
10.791666666666666,,,,1.0
10.8125,,,,1.0
10.833333333333334,,,,1.0
10.854166666666666,,,,1.0
10.875,,,,1.0
10.895833333333334,,,,1.0
10.916666666666666,,,,1.0
10.9375,,,,1.0
10.958333333333334,,,,1.0
10.979166666666666,,,,1.0
11.0,,,,1.0
11.020833333333334,,,,1.0
11.041666666666666,,,,1.0
11.0625,,,,1.0
11.083333333333334,,,,1.0
11.104166666666666,,,,1.0
11.125,,,,1.0
11.145833333333334,,,,1.0
11.166666666666666,,,,1.0
11.1875,,,,1.0
11.208333333333334,,,,1.0
11.229166666666666,,,,1.0
11.25,,,,1.0
11.270833333333334,,,,1.0
11.291666666666666,,,,1.0
11.3125,,,,1.0
11.333333333333334,,,,1.0
11.354166666666666,,,,1.0
11.375,,,,1.0
11.395833333333334,,,,1.0
11.416666666666666,,,,1.0
11.4375,,,,1.0
11.458333333333334,,,,1.0
11.479166666666666,,,,1.0
11.5,,,,1.0
11.520833333333334,,,,1.0
11.541666666666666,,,,1.0
11.5625,,,,1.0
11.583333333333334,,,,1.0
11.604166666666666,,,,1.0
11.625,,,,1.0
11.645833333333334,,,,1.0
11.666666666666666,,,,1.0
11.6875,,,,1.0
11.708333333333334,,,,1.0
11.729166666666666,,,,1.0
11.75,,,,1.0
11.770833333333334,,,,1.0
11.791666666666666,,,,1.0
11.8125,,,,1.0
11.833333333333334,,,,1.0
11.854166666666666,,,,1.0
11.875,,,,1.0
11.895833333333334,,,,1.0
11.916666666666666,,,,1.0
11.9375,,,,1.0
11.958333333333334,,,,1.0
11.979166666666666,,,,1.0
12.0,,,,1.0
12.020833333333334,,,,1.0
12.041666666666666,,,,1.0
12.0625,,,,1.0
12.083333333333334,,,,1.0
12.104166666666666,,,,1.0
12.125,,,,1.0
12.145833333333334,,,,1.0
12.166666666666666,,,,1.0
12.1875,,,,1.0
12.208333333333334,,,,1.0
12.229166666666666,,,,1.0
12.25,,,,1.0
12.270833333333334,,,,1.0
12.291666666666666,,,,1.0
12.3125,,,,1.0
12.333333333333334,,,,1.0
12.354166666666666,,,,1.0
12.375,,,,1.0
12.395833333333334,,,,1.0
12.416666666666666,,,,1.0
12.4375,,,,1.0
12.458333333333334,,,,1.0
12.479166666666666,,,,1.0
12.5,,,,1.0
12.520833333333334,,,,1.0
12.541666666666666,,,,1.0
12.5625,,,,1.0
12.583333333333334,,,,1.0
12.604166666666666,,,,1.0
12.625,,,,1.0
12.645833333333334,,,,1.0
12.666666666666666,,,,1.0
12.6875,,,,1.0
12.708333333333334,,,,1.0
12.729166666666666,,,,1.0
12.75,,,,1.0
12.770833333333334,,,,1.0
12.791666666666666,,,,1.0
12.8125,,,,1.0
12.833333333333334,,,,1.0
12.854166666666666,,,,1.0
12.875,,,,1.0
12.895833333333334,,,,1.0
12.916666666666666,,,,1.0
12.9375,,,,1.0
12.958333333333334,,,,1.0
12.979166666666666,,,,1.0
13.0,,,,1.0
13.020833333333334,,,,1.0
13.041666666666666,,,,1.0
13.0625,,,,1.0
13.083333333333334,,,,1.0
13.104166666666666,,,,1.0
13.125,,,,1.0
13.145833333333334,,,,1.0
13.166666666666666,,,,1.0
13.1875,,,,1.0
13.208333333333334,,,,1.0
13.229166666666666,,,,1.0
13.25,,,,1.0
13.270833333333334,,,,1.0
13.291666666666666,,,,1.0
13.3125,,,,1.0
13.333333333333334,,,,1.0
13.354166666666666,,,,1.0
13.375,,,,1.0
13.395833333333334,,,,1.0
13.416666666666666,,,,1.0
13.4375,,,,1.0
13.458333333333334,,,,1.0
13.479166666666666,,,,1.0
13.5,,,,1.0
13.520833333333334,,,,1.0
13.541666666666666,,,,1.0
13.5625,,,,1.0
13.583333333333334,,,,1.0
13.604166666666666,,,,1.0
13.625,,,,1.0
13.645833333333334,,,,1.0
13.666666666666666,,,,1.0
13.6875,,,,1.0
13.708333333333334,,,,1.0
13.729166666666666,,,,1.0
13.75,,,,1.0
13.770833333333334,,,,1.0
13.791666666666666,,,,1.0
13.8125,,,,1.0
13.833333333333334,,,,1.0
13.854166666666666,,,,1.0
13.875,,,,1.0
13.895833333333334,,,,1.0
13.916666666666666,,,,1.0
13.9375,,,,1.0
13.958333333333334,,,,1.0
13.979166666666666,,,,1.0
14.0,,,,1.0
14.020833333333334,,,,1.0
14.041666666666666,,,,1.0
14.0625,,,,1.0
14.083333333333334,,,,1.0
14.104166666666666,,,,1.0
14.125,,,,1.0
14.145833333333334,,,,1.0
14.166666666666666,,,,1.0
14.1875,,,,1.0
14.208333333333334,,,,1.0
14.229166666666666,,,,1.0
14.25,,,,1.0
14.270833333333334,,,,1.0
14.291666666666666,,,,1.0
14.3125,,,,1.0
14.333333333333334,,,,1.0
14.354166666666666,,,,1.0
14.375,,,,1.0
14.395833333333334,,,,1.0
14.416666666666666,,,,1.0
14.4375,,,,1.0
14.458333333333334,,,,1.0
14.479166666666666,,,,1.0
14.5,,,,1.0
14.520833333333334,,,,1.0
14.541666666666666,,,,1.0
14.5625,,,,1.0
14.583333333333334,,,,1.0
14.604166666666666,,,,1.0
14.625,,,,1.0
14.645833333333334,,,,1.0
14.666666666666666,,,,1.0
14.6875,,,,1.0
14.708333333333334,,,,1.0
14.729166666666666,,,,1.0
14.75,,,,1.0
14.770833333333334,,,,1.0
14.791666666666666,,,,1.0
14.8125,,,,1.0
14.833333333333334,,,,1.0
14.854166666666666,,,,1.0
14.875,,,,1.0
14.895833333333334,,,,1.0
14.916666666666666,,,,1.0
14.9375,,,,1.0
14.958333333333334,,,,1.0
14.979166666666666,,,,1.0
15.0,,,,1.0
15.020833333333334,,,,1.0
15.041666666666666,,,,1.0
15.0625,,,,1.0
15.083333333333334,,,,1.0
15.104166666666666,,,,1.0
15.125,,,,1.0
15.145833333333334,,,,1.0
15.166666666666666,,,,1.0
15.1875,,,,1.0
15.208333333333334,,,,1.0
15.229166666666666,,,,1.0
15.25,,,,1.0
15.270833333333334,,,,1.0
15.291666666666666,,,,1.0
15.3125,,,,1.0
15.333333333333334,,,,1.0
15.354166666666666,,,,1.0
15.375,,,,1.0
15.395833333333334,,,,1.0
15.416666666666666,,,,1.0
15.4375,,,,1.0
15.458333333333334,,,,1.0
15.479166666666666,,,,1.0
15.5,,,,1.0
15.520833333333334,,,,1.0
15.541666666666666,,,,1.0
15.5625,,,,1.0
15.583333333333334,,,,1.0
15.604166666666666,,,,1.0
15.625,,,,1.0
15.645833333333334,,,,1.0
15.666666666666666,,,,1.0
15.6875,,,,1.0
15.708333333333334,,,,1.0
15.729166666666666,,,,1.0
15.75,,,,1.0
15.770833333333334,,,,1.0
15.791666666666666,,,,1.0
15.8125,,,,1.0
15.833333333333334,,,,1.0
15.854166666666666,,,,1.0
15.875,,,,1.0
15.895833333333334,,,,1.0
15.916666666666666,,,,1.0
15.9375,,,,1.0
15.958333333333334,,,,1.0
15.979166666666666,,,,1.0
16.0,,,,1.0
16.020833333333332,,,,1.0
16.041666666666668,,,,1.0
16.0625,,,,1.0
16.083333333333332,,,,1.0
16.104166666666668,,,,1.0
16.125,,,,1.0
16.145833333333332,,,,1.0
16.166666666666668,,,,1.0
16.1875,,,,1.0
16.208333333333332,,,,1.0
16.229166666666668,,,,1.0
16.25,,,,1.0
16.270833333333332,,,,1.0
16.291666666666668,,,,1.0
16.3125,,,,1.0
16.333333333333332,,,,1.0
16.354166666666668,,,,1.0
16.375,,,,1.0
16.395833333333332,,,,1.0
16.416666666666668,,,,1.0
16.4375,,,,1.0
16.458333333333332,,,,1.0
16.479166666666668,,,,1.0
16.5,,,,1.0
16.520833333333332,,,,1.0
16.541666666666668,,,,1.0
16.5625,,,,1.0
16.583333333333332,,,,1.0
16.604166666666668,,,,1.0
16.625,,,,1.0
16.645833333333332,,,,1.0
16.666666666666668,,,,1.0
16.6875,,,,1.0
16.708333333333332,,,,1.0
16.729166666666668,,,,1.0
16.75,,,,1.0
16.770833333333332,,,,1.0
16.791666666666668,,,,1.0
16.8125,,,,1.0
16.833333333333332,,,,1.0
16.854166666666668,,,,1.0
16.875,,,,1.0
16.895833333333332,,,,1.0
16.916666666666668,,,,1.0
16.9375,,,,1.0
16.958333333333332,,,,1.0
16.979166666666668,,,,1.0
17.0,,,,1.0
17.020833333333332,,,,1.0
17.041666666666668,,,,1.0
17.0625,,,,1.0
17.083333333333332,,,,1.0
17.104166666666668,,,,1.0
17.125,,,,1.0
17.145833333333332,,,,1.0
17.166666666666668,,,,1.0
17.1875,,,,1.0
17.208333333333332,,,,1.0
17.229166666666668,,,,1.0
17.25,,,,1.0
17.270833333333332,,,,1.0
17.291666666666668,,,,1.0
17.3125,,,,1.0
17.333333333333332,,,,1.0
17.354166666666668,,,,1.0
17.375,,,,1.0
17.395833333333332,,,,1.0
17.416666666666668,,,,1.0
17.4375,,,,1.0
17.458333333333332,,,,1.0
17.479166666666668,,,,1.0
17.5,,,,1.0
17.520833333333332,,,,1.0
17.541666666666668,,,,1.0
17.5625,,,,1.0
17.583333333333332,,,,1.0
17.604166666666668,,,,1.0
17.625,,,,1.0
17.645833333333332,,,,1.0
17.666666666666668,,,,1.0
17.6875,,,,1.0
17.708333333333332,,,,1.0
17.729166666666668,,,,1.0
17.75,,,,1.0
17.770833333333332,,,,1.0
17.791666666666668,,,,1.0
17.8125,,,,1.0
17.833333333333332,,,,1.0
17.854166666666668,,,,1.0
17.875,,,,1.0
17.895833333333332,,,,1.0
17.916666666666668,,,,1.0
17.9375,,,,1.0
17.958333333333332,,,,1.0
17.979166666666668,,,,1.0
18.0,comm_degrade,,,0.35
18.020833333333332,comm_degrade,,,0.35
18.041666666666668,comm_degrade,,,0.35
18.0625,comm_degrade,,,0.35
18.083333333333332,comm_degrade,,,0.35
18.104166666666668,comm_degrade,,,0.35
18.125,comm_degrade,,,0.35
18.145833333333332,comm_degrade,,,0.35
18.166666666666668,comm_degrade,,,0.35
18.1875,comm_degrade,,,0.35
18.208333333333332,comm_degrade,,,0.35
18.229166666666668,comm_degrade,,,0.35
18.25,comm_degrade,,,0.35
18.270833333333332,comm_degrade,,,0.35
18.291666666666668,comm_degrade,,,0.35
18.3125,comm_degrade,,,0.35
18.333333333333332,comm_degrade,,,0.35
18.354166666666668,comm_degrade,,,0.35
18.375,comm_degrade,,,0.35
18.395833333333332,comm_degrade,,,0.35
18.416666666666668,comm_degrade,,,0.35
18.4375,comm_degrade,,,0.35
18.458333333333332,comm_degrade,,,0.35
18.479166666666668,comm_degrade,,,0.35
18.5,comm_degrade,,,0.35
18.520833333333332,comm_degrade,,,0.35
18.541666666666668,comm_degrade,,,0.35
18.5625,comm_degrade,,,0.35
18.583333333333332,comm_degrade,,,0.35
18.604166666666668,comm_degrade,,,0.35
18.625,comm_degrade,,,0.35
18.645833333333332,comm_degrade,,,0.35
18.666666666666668,comm_degrade,,,0.35
18.6875,comm_degrade,,,0.35
18.708333333333332,comm_degrade,,,0.35
18.729166666666668,comm_degrade,,,0.35
18.75,comm_degrade,,,0.35
18.770833333333332,comm_degrade,,,0.35
18.791666666666668,comm_degrade,,,0.35
18.8125,comm_degrade,,,0.35
18.833333333333332,comm_degrade,,,0.35
18.854166666666668,comm_degrade,,,0.35
18.875,comm_degrade,,,0.35
18.895833333333332,comm_degrade,,,0.35
18.916666666666668,comm_degrade,,,0.35
18.9375,comm_degrade,,,0.35
18.958333333333332,comm_degrade,,,0.35
18.979166666666668,comm_degrade,,,0.35
19.0,comm_degrade,,,0.35
19.020833333333332,comm_degrade,,,0.35
19.041666666666668,comm_degrade,,,0.35
19.0625,comm_degrade,,,0.35
19.083333333333332,comm_degrade,,,0.35
19.104166666666668,comm_degrade,,,0.35
19.125,comm_degrade,,,0.35
19.145833333333332,comm_degrade,,,0.35
19.166666666666668,comm_degrade,,,0.35
19.1875,comm_degrade,,,0.35
19.208333333333332,comm_degrade,,,0.35
19.229166666666668,comm_degrade,,,0.35
19.25,comm_degrade,,,0.35
19.270833333333332,comm_degrade,,,0.35
19.291666666666668,comm_degrade,,,0.35
19.3125,comm_degrade,,,0.35
19.333333333333332,comm_degrade,,,0.35
19.354166666666668,comm_degrade,,,0.35
19.375,comm_degrade,,,0.35
19.395833333333332,comm_degrade,,,0.35
19.416666666666668,comm_degrade,,,0.35
19.4375,comm_degrade,,,0.35
19.458333333333332,comm_degrade,,,0.35
19.479166666666668,comm_degrade,,,0.35
19.5,comm_degrade,,,0.35
19.520833333333332,comm_degrade,,,0.35
19.541666666666668,comm_degrade,,,0.35
19.5625,comm_degrade,,,0.35
19.583333333333332,comm_degrade,,,0.35
19.604166666666668,comm_degrade,,,0.35
19.625,comm_degrade,,,0.35
19.645833333333332,comm_degrade,,,0.35
19.666666666666668,comm_degrade,,,0.35
19.6875,comm_degrade,,,0.35
19.708333333333332,comm_degrade,,,0.35
19.729166666666668,comm_degrade,,,0.35
19.75,comm_degrade,,,0.35
19.770833333333332,comm_degrade,,,0.35
19.791666666666668,comm_degrade,,,0.35
19.8125,comm_degrade,,,0.35
19.833333333333332,comm_degrade,,,0.35
19.854166666666668,comm_degrade,,,0.35
19.875,comm_degrade,,,0.35
19.895833333333332,comm_degrade,,,0.35
19.916666666666668,comm_degrade,,,0.35
19.9375,comm_degrade,,,0.35
19.958333333333332,comm_degrade,,,0.35
19.979166666666668,comm_degrade,,,0.35
20.0,comm_degrade,,,0.35
20.020833333333332,comm_degrade,,,0.35
20.041666666666668,comm_degrade,,,0.35
20.0625,comm_degrade,,,0.35
20.083333333333332,comm_degrade,,,0.35
20.104166666666668,comm_degrade,,,0.35
20.125,comm_degrade,,,0.35
20.145833333333332,comm_degrade,,,0.35
20.166666666666668,comm_degrade,,,0.35
20.1875,comm_degrade,,,0.35
20.208333333333332,comm_degrade,,,0.35
20.229166666666668,comm_degrade,,,0.35
20.25,comm_degrade,,,0.35
20.270833333333332,comm_degrade,,,0.35
20.291666666666668,comm_degrade,,,0.35
20.3125,comm_degrade,,,0.35
20.333333333333332,comm_degrade,,,0.35
20.354166666666668,comm_degrade,,,0.35
20.375,comm_degrade,,,0.35
20.395833333333332,comm_degrade,,,0.35
20.416666666666668,comm_degrade,,,0.35
20.4375,comm_degrade,,,0.35
20.458333333333332,comm_degrade,,,0.35
20.479166666666668,comm_degrade,,,0.35
20.5,comm_degrade,,,0.35
20.520833333333332,comm_degrade,,,0.35
20.541666666666668,comm_degrade,,,0.35
20.5625,comm_degrade,,,0.35
20.583333333333332,comm_degrade,,,0.35
20.604166666666668,comm_degrade,,,0.35
20.625,comm_degrade,,,0.35
20.645833333333332,comm_degrade,,,0.35
20.666666666666668,comm_degrade,,,0.35
20.6875,comm_degrade,,,0.35
20.708333333333332,comm_degrade,,,0.35
20.729166666666668,comm_degrade,,,0.35
20.75,comm_degrade,,,0.35
20.770833333333332,comm_degrade,,,0.35
20.791666666666668,comm_degrade,,,0.35
20.8125,comm_degrade,,,0.35
20.833333333333332,comm_degrade,,,0.35
20.854166666666668,comm_degrade,,,0.35
20.875,comm_degrade,,,0.35
20.895833333333332,comm_degrade,,,0.35
20.916666666666668,comm_degrade,,,0.35
20.9375,comm_degrade,,,0.35
20.958333333333332,comm_degrade,,,0.35
20.979166666666668,comm_degrade,,,0.35
21.0,comm_degrade,,,0.35
21.020833333333332,comm_degrade,,,0.35
21.041666666666668,comm_degrade,,,0.35
21.0625,comm_degrade,,,0.35
21.083333333333332,comm_degrade,,,0.35
21.104166666666668,comm_degrade,,,0.35
21.125,comm_degrade,,,0.35
21.145833333333332,comm_degrade,,,0.35
21.166666666666668,comm_degrade,,,0.35
21.1875,comm_degrade,,,0.35
21.208333333333332,comm_degrade,,,0.35
21.229166666666668,comm_degrade,,,0.35
21.25,comm_degrade,,,0.35
21.270833333333332,comm_degrade,,,0.35
21.291666666666668,comm_degrade,,,0.35
21.3125,comm_degrade,,,0.35
21.333333333333332,comm_degrade,,,0.35
21.354166666666668,comm_degrade,,,0.35
21.375,comm_degrade,,,0.35
21.395833333333332,comm_degrade,,,0.35
21.416666666666668,comm_degrade,,,0.35
21.4375,comm_degrade,,,0.35
21.458333333333332,comm_degrade,,,0.35
21.479166666666668,comm_degrade,,,0.35
21.5,comm_degrade,,,0.35
21.520833333333332,comm_degrade,,,0.35
21.541666666666668,comm_degrade,,,0.35
21.5625,comm_degrade,,,0.35
21.583333333333332,comm_degrade,,,0.35
21.604166666666668,comm_degrade,,,0.35
21.625,comm_degrade,,,0.35
21.645833333333332,comm_degrade,,,0.35
21.666666666666668,comm_degrade,,,0.35
21.6875,comm_degrade,,,0.35
21.708333333333332,comm_degrade,,,0.35
21.729166666666668,comm_degrade,,,0.35
21.75,comm_degrade,,,0.35
21.770833333333332,comm_degrade,,,0.35
21.791666666666668,comm_degrade,,,0.35
21.8125,comm_degrade,,,0.35
21.833333333333332,comm_degrade,,,0.35
21.854166666666668,comm_degrade,,,0.35
21.875,comm_degrade,,,0.35
21.895833333333332,comm_degrade,,,0.35
21.916666666666668,comm_degrade,,,0.35
21.9375,comm_degrade,,,0.35
21.958333333333332,comm_degrade,,,0.35
21.979166666666668,comm_degrade,,,0.35
22.0,comm_degrade,,,0.35
22.020833333333332,comm_degrade,,,0.35
22.041666666666668,comm_degrade,,,0.35
22.0625,comm_degrade,,,0.35
22.083333333333332,comm_degrade,,,0.35
22.104166666666668,comm_degrade,,,0.35
22.125,comm_degrade,,,0.35
22.145833333333332,comm_degrade,,,0.35
22.166666666666668,comm_degrade,,,0.35
22.1875,comm_degrade,,,0.35
22.208333333333332,comm_degrade,,,0.35
22.229166666666668,comm_degrade,,,0.35
22.25,comm_degrade,,,0.35
22.270833333333332,comm_degrade,,,0.35
22.291666666666668,comm_degrade,,,0.35
22.3125,comm_degrade,,,0.35
22.333333333333332,comm_degrade,,,0.35
22.354166666666668,comm_degrade,,,0.35
22.375,comm_degrade,,,0.35
22.395833333333332,comm_degrade,,,0.35
22.416666666666668,comm_degrade,,,0.35
22.4375,comm_degrade,,,0.35
22.458333333333332,comm_degrade,,,0.35
22.479166666666668,comm_degrade,,,0.35
22.5,comm_degrade,,,0.35
22.520833333333332,comm_degrade,,,0.35
22.541666666666668,comm_degrade,,,0.35
22.5625,comm_degrade,,,0.35
22.583333333333332,comm_degrade,,,0.35
22.604166666666668,comm_degrade,,,0.35
22.625,comm_degrade,,,0.35
22.645833333333332,comm_degrade,,,0.35
22.666666666666668,comm_degrade,,,0.35
22.6875,comm_degrade,,,0.35
22.708333333333332,comm_degrade,,,0.35
22.729166666666668,comm_degrade,,,0.35
22.75,comm_degrade,,,0.35
22.770833333333332,comm_degrade,,,0.35
22.791666666666668,comm_degrade,,,0.35
22.8125,comm_degrade,,,0.35
22.833333333333332,comm_degrade,,,0.35
22.854166666666668,comm_degrade,,,0.35
22.875,comm_degrade,,,0.35
22.895833333333332,comm_degrade,,,0.35
22.916666666666668,comm_degrade,,,0.35
22.9375,comm_degrade,,,0.35
22.958333333333332,comm_degrade,,,0.35
22.979166666666668,comm_degrade,,,0.35
23.0,comm_degrade,,,0.35
23.020833333333332,comm_degrade,,,0.35
23.041666666666668,comm_degrade,,,0.35
23.0625,comm_degrade,,,0.35
23.083333333333332,comm_degrade,,,0.35
23.104166666666668,comm_degrade,,,0.35
23.125,comm_degrade,,,0.35
23.145833333333332,comm_degrade,,,0.35
23.166666666666668,comm_degrade,,,0.35
23.1875,comm_degrade,,,0.35
23.208333333333332,comm_degrade,,,0.35
23.229166666666668,comm_degrade,,,0.35
23.25,comm_degrade,,,0.35
23.270833333333332,comm_degrade,,,0.35
23.291666666666668,comm_degrade,,,0.35
23.3125,comm_degrade,,,0.35
23.333333333333332,comm_degrade,,,0.35
23.354166666666668,comm_degrade,,,0.35
23.375,comm_degrade,,,0.35
23.395833333333332,comm_degrade,,,0.35
23.416666666666668,comm_degrade,,,0.35
23.4375,comm_degrade,,,0.35
23.458333333333332,comm_degrade,,,0.35
23.479166666666668,comm_degrade,,,0.35
23.5,comm_degrade,,,0.35
23.520833333333332,comm_degrade,,,0.35
23.541666666666668,comm_degrade,,,0.35
23.5625,comm_degrade,,,0.35
23.583333333333332,comm_degrade,,,0.35
23.604166666666668,comm_degrade,,,0.35
23.625,comm_degrade,,,0.35
23.645833333333332,comm_degrade,,,0.35
23.666666666666668,comm_degrade,,,0.35
23.6875,comm_degrade,,,0.35
23.708333333333332,comm_degrade,,,0.35
23.729166666666668,comm_degrade,,,0.35
23.75,comm_degrade,,,0.35
23.770833333333332,comm_degrade,,,0.35
23.791666666666668,comm_degrade,,,0.35
23.8125,comm_degrade,,,0.35
23.833333333333332,comm_degrade,,,0.35
23.854166666666668,comm_degrade,,,0.35
23.875,comm_degrade,,,0.35
23.895833333333332,comm_degrade,,,0.35
23.916666666666668,comm_degrade,,,0.35
23.9375,comm_degrade,,,0.35
23.958333333333332,comm_degrade,,,0.35
23.979166666666668,comm_degrade,,,0.35
24.0,comm_degrade,,,0.35
24.020833333333332,comm_degrade,,,0.35
24.041666666666668,comm_degrade,,,0.35
24.0625,comm_degrade,,,0.35
24.083333333333332,comm_degrade,,,0.35
24.104166666666668,comm_degrade,,,0.35
24.125,comm_degrade,,,0.35
24.145833333333332,comm_degrade,,,0.35
24.166666666666668,comm_degrade,,,0.35
24.1875,comm_degrade,,,0.35
24.208333333333332,comm_degrade,,,0.35
24.229166666666668,comm_degrade,,,0.35
24.25,comm_degrade,,,0.35
24.270833333333332,comm_degrade,,,0.35
24.291666666666668,comm_degrade,,,0.35
24.3125,comm_degrade,,,0.35
24.333333333333332,comm_degrade,,,0.35
24.354166666666668,comm_degrade,,,0.35
24.375,comm_degrade,,,0.35
24.395833333333332,comm_degrade,,,0.35
24.416666666666668,comm_degrade,,,0.35
24.4375,comm_degrade,,,0.35
24.458333333333332,comm_degrade,,,0.35
24.479166666666668,comm_degrade,,,0.35
24.5,comm_degrade,,,0.35
24.520833333333332,comm_degrade,,,0.35
24.541666666666668,comm_degrade,,,0.35
24.5625,comm_degrade,,,0.35
24.583333333333332,comm_degrade,,,0.35
24.604166666666668,comm_degrade,,,0.35
24.625,comm_degrade,,,0.35
24.645833333333332,comm_degrade,,,0.35
24.666666666666668,comm_degrade,,,0.35
24.6875,comm_degrade,,,0.35
24.708333333333332,comm_degrade,,,0.35
24.729166666666668,comm_degrade,,,0.35
24.75,comm_degrade,,,0.35
24.770833333333332,comm_degrade,,,0.35
24.791666666666668,comm_degrade,,,0.35
24.8125,comm_degrade,,,0.35
24.833333333333332,comm_degrade,,,0.35
24.854166666666668,comm_degrade,,,0.35
24.875,comm_degrade,,,0.35
24.895833333333332,comm_degrade,,,0.35
24.916666666666668,comm_degrade,,,0.35
24.9375,comm_degrade,,,0.35
24.958333333333332,comm_degrade,,,0.35
24.979166666666668,comm_degrade,,,0.35
25.0,comm_degrade,,,0.35
25.020833333333332,comm_degrade,,,0.35
25.041666666666668,comm_degrade,,,0.35
25.0625,comm_degrade,,,0.35
25.083333333333332,comm_degrade,,,0.35
25.104166666666668,comm_degrade,,,0.35
25.125,comm_degrade,,,0.35
25.145833333333332,comm_degrade,,,0.35
25.166666666666668,comm_degrade,,,0.35
25.1875,comm_degrade,,,0.35
25.208333333333332,comm_degrade,,,0.35
25.229166666666668,comm_degrade,,,0.35
25.25,comm_degrade,,,0.35
25.270833333333332,comm_degrade,,,0.35
25.291666666666668,comm_degrade,,,0.35
25.3125,comm_degrade,,,0.35
25.333333333333332,comm_degrade,,,0.35
25.354166666666668,comm_degrade,,,0.35
25.375,comm_degrade,,,0.35
25.395833333333332,comm_degrade,,,0.35
25.416666666666668,comm_degrade,,,0.35
25.4375,comm_degrade,,,0.35
25.458333333333332,comm_degrade,,,0.35
25.479166666666668,comm_degrade,,,0.35
25.5,comm_degrade,,,0.35
25.520833333333332,comm_degrade,,,0.35
25.541666666666668,comm_degrade,,,0.35
25.5625,comm_degrade,,,0.35
25.583333333333332,comm_degrade,,,0.35
25.604166666666668,comm_degrade,,,0.35
25.625,comm_degrade,,,0.35
25.645833333333332,comm_degrade,,,0.35
25.666666666666668,comm_degrade,,,0.35
25.6875,comm_degrade,,,0.35
25.708333333333332,comm_degrade,,,0.35
25.729166666666668,comm_degrade,,,0.35
25.75,comm_degrade,,,0.35
25.770833333333332,comm_degrade,,,0.35
25.791666666666668,comm_degrade,,,0.35
25.8125,comm_degrade,,,0.35
25.833333333333332,comm_degrade,,,0.35
25.854166666666668,comm_degrade,,,0.35
25.875,comm_degrade,,,0.35
25.895833333333332,comm_degrade,,,0.35
25.916666666666668,comm_degrade,,,0.35
25.9375,comm_degrade,,,0.35
25.958333333333332,comm_degrade,,,0.35
25.979166666666668,comm_degrade,,,0.35
26.0,comm_degrade,,,0.35
26.020833333333332,comm_degrade,,,0.35
26.041666666666668,comm_degrade,,,0.35
26.0625,comm_degrade,,,0.35
26.083333333333332,comm_degrade,,,0.35
26.104166666666668,comm_degrade,,,0.35
26.125,comm_degrade,,,0.35
26.145833333333332,comm_degrade,,,0.35
26.166666666666668,comm_degrade,,,0.35
26.1875,comm_degrade,,,0.35
26.208333333333332,comm_degrade,,,0.35
26.229166666666668,comm_degrade,,,0.35
26.25,comm_degrade,,,0.35
26.270833333333332,comm_degrade,,,0.35
26.291666666666668,comm_degrade,,,0.35
26.3125,comm_degrade,,,0.35
26.333333333333332,comm_degrade,,,0.35
26.354166666666668,comm_degrade,,,0.35
26.375,comm_degrade,,,0.35
26.395833333333332,comm_degrade,,,0.35
26.416666666666668,comm_degrade,,,0.35
26.4375,comm_degrade,,,0.35
26.458333333333332,comm_degrade,,,0.35
26.479166666666668,comm_degrade,,,0.35
26.5,comm_degrade,,,0.35
26.520833333333332,comm_degrade,,,0.35
26.541666666666668,comm_degrade,,,0.35
26.5625,comm_degrade,,,0.35
26.583333333333332,comm_degrade,,,0.35
26.604166666666668,comm_degrade,,,0.35
26.625,comm_degrade,,,0.35
26.645833333333332,comm_degrade,,,0.35
26.666666666666668,comm_degrade,,,0.35
26.6875,comm_degrade,,,0.35
26.708333333333332,comm_degrade,,,0.35
26.729166666666668,comm_degrade,,,0.35
26.75,comm_degrade,,,0.35
26.770833333333332,comm_degrade,,,0.35
26.791666666666668,comm_degrade,,,0.35
26.8125,comm_degrade,,,0.35
26.833333333333332,comm_degrade,,,0.35
26.854166666666668,comm_degrade,,,0.35
26.875,comm_degrade,,,0.35
26.895833333333332,comm_degrade,,,0.35
26.916666666666668,comm_degrade,,,0.35
26.9375,comm_degrade,,,0.35
26.958333333333332,comm_degrade,,,0.35
26.979166666666668,comm_degrade,,,0.35
27.0,comm_degrade,,,0.35
27.020833333333332,comm_degrade,,,0.35
27.041666666666668,comm_degrade,,,0.35
27.0625,comm_degrade,,,0.35
27.083333333333332,comm_degrade,,,0.35
27.104166666666668,comm_degrade,,,0.35
27.125,comm_degrade,,,0.35
27.145833333333332,comm_degrade,,,0.35
27.166666666666668,comm_degrade,,,0.35
27.1875,comm_degrade,,,0.35
27.208333333333332,comm_degrade,,,0.35
27.229166666666668,comm_degrade,,,0.35
27.25,comm_degrade,,,0.35
27.270833333333332,comm_degrade,,,0.35
27.291666666666668,comm_degrade,,,0.35
27.3125,comm_degrade,,,0.35
27.333333333333332,comm_degrade,,,0.35
27.354166666666668,comm_degrade,,,0.35
27.375,comm_degrade,,,0.35
27.395833333333332,comm_degrade,,,0.35
27.416666666666668,comm_degrade,,,0.35
27.4375,comm_degrade,,,0.35
27.458333333333332,comm_degrade,,,0.35
27.479166666666668,comm_degrade,,,0.35
27.5,comm_degrade,,,0.35
27.520833333333332,comm_degrade,,,0.35
27.541666666666668,comm_degrade,,,0.35
27.5625,comm_degrade,,,0.35
27.583333333333332,comm_degrade,,,0.35
27.604166666666668,comm_degrade,,,0.35
27.625,comm_degrade,,,0.35
27.645833333333332,comm_degrade,,,0.35
27.666666666666668,comm_degrade,,,0.35
27.6875,comm_degrade,,,0.35
27.708333333333332,comm_degrade,,,0.35
27.729166666666668,comm_degrade,,,0.35
27.75,comm_degrade,,,0.35
27.770833333333332,comm_degrade,,,0.35
27.791666666666668,comm_degrade,,,0.35
27.8125,comm_degrade,,,0.35
27.833333333333332,comm_degrade,,,0.35
27.854166666666668,comm_degrade,,,0.35
27.875,comm_degrade,,,0.35
27.895833333333332,comm_degrade,,,0.35
27.916666666666668,comm_degrade,,,0.35
27.9375,comm_degrade,,,0.35
27.958333333333332,comm_degrade,,,0.35
27.979166666666668,comm_degrade,,,0.35
28.0,comm_degrade,,,0.35
28.020833333333332,comm_degrade,,,0.35
28.041666666666668,comm_degrade,,,0.35
28.0625,comm_degrade,,,0.35
28.083333333333332,comm_degrade,,,0.35
28.104166666666668,comm_degrade,,,0.35
28.125,comm_degrade,,,0.35
28.145833333333332,comm_degrade,,,0.35
28.166666666666668,comm_degrade,,,0.35
28.1875,comm_degrade,,,0.35
28.208333333333332,comm_degrade,,,0.35
28.229166666666668,comm_degrade,,,0.35
28.25,comm_degrade,,,0.35
28.270833333333332,comm_degrade,,,0.35
28.291666666666668,comm_degrade,,,0.35
28.3125,comm_degrade,,,0.35
28.333333333333332,comm_degrade,,,0.35
28.354166666666668,comm_degrade,,,0.35
28.375,comm_degrade,,,0.35
28.395833333333332,comm_degrade,,,0.35
28.416666666666668,comm_degrade,,,0.35
28.4375,comm_degrade,,,0.35
28.458333333333332,comm_degrade,,,0.35
28.479166666666668,comm_degrade,,,0.35
28.5,comm_degrade,,,0.35
28.520833333333332,comm_degrade,,,0.35
28.541666666666668,comm_degrade,,,0.35
28.5625,comm_degrade,,,0.35
28.583333333333332,comm_degrade,,,0.35
28.604166666666668,comm_degrade,,,0.35
28.625,comm_degrade,,,0.35
28.645833333333332,comm_degrade,,,0.35
28.666666666666668,comm_degrade,,,0.35
28.6875,comm_degrade,,,0.35
28.708333333333332,comm_degrade,,,0.35
28.729166666666668,comm_degrade,,,0.35
28.75,comm_degrade,,,0.35
28.770833333333332,comm_degrade,,,0.35
28.791666666666668,comm_degrade,,,0.35
28.8125,comm_degrade,,,0.35
28.833333333333332,comm_degrade,,,0.35
28.854166666666668,comm_degrade,,,0.35
28.875,comm_degrade,,,0.35
28.895833333333332,comm_degrade,,,0.35
28.916666666666668,comm_degrade,,,0.35
28.9375,comm_degrade,,,0.35
28.958333333333332,comm_degrade,,,0.35
28.979166666666668,comm_degrade,,,0.35
29.0,comm_degrade,,,0.35
29.020833333333332,comm_degrade,,,0.35
29.041666666666668,comm_degrade,,,0.35
29.0625,comm_degrade,,,0.35
29.083333333333332,comm_degrade,,,0.35
29.104166666666668,comm_degrade,,,0.35
29.125,comm_degrade,,,0.35
29.145833333333332,comm_degrade,,,0.35
29.166666666666668,comm_degrade,,,0.35
29.1875,comm_degrade,,,0.35
29.208333333333332,comm_degrade,,,0.35
29.229166666666668,comm_degrade,,,0.35
29.25,comm_degrade,,,0.35
29.270833333333332,comm_degrade,,,0.35
29.291666666666668,comm_degrade,,,0.35
29.3125,comm_degrade,,,0.35
29.333333333333332,comm_degrade,,,0.35
29.354166666666668,comm_degrade,,,0.35
29.375,comm_degrade,,,0.35
29.395833333333332,comm_degrade,,,0.35
29.416666666666668,comm_degrade,,,0.35
29.4375,comm_degrade,,,0.35
29.458333333333332,comm_degrade,,,0.35
29.479166666666668,comm_degrade,,,0.35
29.5,comm_degrade,,,0.35
29.520833333333332,comm_degrade,,,0.35
29.541666666666668,comm_degrade,,,0.35
29.5625,comm_degrade,,,0.35
29.583333333333332,comm_degrade,,,0.35
29.604166666666668,comm_degrade,,,0.35
29.625,comm_degrade,,,0.35
29.645833333333332,comm_degrade,,,0.35
29.666666666666668,comm_degrade,,,0.35
29.6875,comm_degrade,,,0.35
29.708333333333332,comm_degrade,,,0.35
29.729166666666668,comm_degrade,,,0.35
29.75,comm_degrade,,,0.35
29.770833333333332,comm_degrade,,,0.35
29.791666666666668,comm_degrade,,,0.35
29.8125,comm_degrade,,,0.35
29.833333333333332,comm_degrade,,,0.35
29.854166666666668,comm_degrade,,,0.35
29.875,comm_degrade,,,0.35
29.895833333333332,comm_degrade,,,0.35
29.916666666666668,comm_degrade,,,0.35
29.9375,comm_degrade,,,0.35
29.958333333333332,comm_degrade,,,0.35
29.979166666666668,comm_degrade,,,0.35
30.0,comm_degrade,,,0.35
30.020833333333332,comm_degrade,,,0.35
30.041666666666668,comm_degrade,,,0.35
30.0625,comm_degrade,,,0.35
30.083333333333332,comm_degrade,,,0.35
30.104166666666668,comm_degrade,,,0.35
30.125,comm_degrade,,,0.35
30.145833333333332,comm_degrade,,,0.35
30.166666666666668,comm_degrade,,,0.35
30.1875,comm_degrade,,,0.35
30.208333333333332,comm_degrade,,,0.35
30.229166666666668,comm_degrade,,,0.35
30.25,comm_degrade,,,0.35
30.270833333333332,comm_degrade,,,0.35
30.291666666666668,comm_degrade,,,0.35
30.3125,comm_degrade,,,0.35
30.333333333333332,comm_degrade,,,0.35
30.354166666666668,comm_degrade,,,0.35
30.375,comm_degrade,,,0.35
30.395833333333332,comm_degrade,,,0.35
30.416666666666668,comm_degrade,,,0.35
30.4375,comm_degrade,,,0.35
30.458333333333332,comm_degrade,,,0.35
30.479166666666668,comm_degrade,,,0.35
30.5,comm_degrade,,,0.35
30.520833333333332,comm_degrade,,,0.35
30.541666666666668,comm_degrade,,,0.35
30.5625,comm_degrade,,,0.35
30.583333333333332,comm_degrade,,,0.35
30.604166666666668,comm_degrade,,,0.35
30.625,comm_degrade,,,0.35
30.645833333333332,comm_degrade,,,0.35
30.666666666666668,comm_degrade,,,0.35
30.6875,comm_degrade,,,0.35
30.708333333333332,comm_degrade,,,0.35
30.729166666666668,comm_degrade,,,0.35
30.75,comm_degrade,,,0.35
30.770833333333332,comm_degrade,,,0.35
30.791666666666668,comm_degrade,,,0.35
30.8125,comm_degrade,,,0.35
30.833333333333332,comm_degrade,,,0.35
30.854166666666668,comm_degrade,,,0.35
30.875,comm_degrade,,,0.35
30.895833333333332,comm_degrade,,,0.35
30.916666666666668,comm_degrade,,,0.35
30.9375,comm_degrade,,,0.35
30.958333333333332,comm_degrade,,,0.35
30.979166666666668,comm_degrade,,,0.35
31.0,comm_degrade,,,0.35
31.020833333333332,comm_degrade,,,0.35
31.041666666666668,comm_degrade,,,0.35
31.0625,comm_degrade,,,0.35
31.083333333333332,comm_degrade,,,0.35
31.104166666666668,comm_degrade,,,0.35
31.125,comm_degrade,,,0.35
31.145833333333332,comm_degrade,,,0.35
31.166666666666668,comm_degrade,,,0.35
31.1875,comm_degrade,,,0.35
31.208333333333332,comm_degrade,,,0.35
31.229166666666668,comm_degrade,,,0.35
31.25,comm_degrade,,,0.35
31.270833333333332,comm_degrade,,,0.35
31.291666666666668,comm_degrade,,,0.35
31.3125,comm_degrade,,,0.35
31.333333333333332,comm_degrade,,,0.35
31.354166666666668,comm_degrade,,,0.35
31.375,comm_degrade,,,0.35
31.395833333333332,comm_degrade,,,0.35
31.416666666666668,comm_degrade,,,0.35
31.4375,comm_degrade,,,0.35
31.458333333333332,comm_degrade,,,0.35
31.479166666666668,comm_degrade,,,0.35
31.5,comm_degrade,,,0.35
31.520833333333332,comm_degrade,,,0.35
31.541666666666668,comm_degrade,,,0.35
31.5625,comm_degrade,,,0.35
31.583333333333332,comm_degrade,,,0.35
31.604166666666668,comm_degrade,,,0.35
31.625,comm_degrade,,,0.35
31.645833333333332,comm_degrade,,,0.35
31.666666666666668,comm_degrade,,,0.35
31.6875,comm_degrade,,,0.35
31.708333333333332,comm_degrade,,,0.35
31.729166666666668,comm_degrade,,,0.35
31.75,comm_degrade,,,0.35
31.770833333333332,comm_degrade,,,0.35
31.791666666666668,comm_degrade,,,0.35
31.8125,comm_degrade,,,0.35
31.833333333333332,comm_degrade,,,0.35
31.854166666666668,comm_degrade,,,0.35
31.875,comm_degrade,,,0.35
31.895833333333332,comm_degrade,,,0.35
31.916666666666668,comm_degrade,,,0.35
31.9375,comm_degrade,,,0.35
31.958333333333332,comm_degrade,,,0.35
31.979166666666668,comm_degrade,,,0.35
32.0,comm_degrade,,,0.35
32.020833333333336,comm_degrade,,,0.35
32.041666666666664,comm_degrade,,,0.35
32.0625,comm_degrade,,,0.35
32.083333333333336,comm_degrade,,,0.35
32.104166666666664,comm_degrade,,,0.35
32.125,comm_degrade,,,0.35
32.145833333333336,comm_degrade,,,0.35
32.166666666666664,comm_degrade,,,0.35
32.1875,comm_degrade,,,0.35
32.208333333333336,comm_degrade,,,0.35
32.229166666666664,comm_degrade,,,0.35
32.25,comm_degrade,,,0.35
32.270833333333336,comm_degrade,,,0.35
32.291666666666664,comm_degrade,,,0.35
32.3125,comm_degrade,,,0.35
32.333333333333336,comm_degrade,,,0.35
32.354166666666664,comm_degrade,,,0.35
32.375,comm_degrade,,,0.35
32.395833333333336,comm_degrade,,,0.35
32.416666666666664,comm_degrade,,,0.35
32.4375,comm_degrade,,,0.35
32.458333333333336,comm_degrade,,,0.35
32.479166666666664,comm_degrade,,,0.35
32.5,comm_degrade,,,0.35
32.520833333333336,comm_degrade,,,0.35
32.541666666666664,comm_degrade,,,0.35
32.5625,comm_degrade,,,0.35
32.583333333333336,comm_degrade,,,0.35
32.604166666666664,comm_degrade,,,0.35
32.625,comm_degrade,,,0.35
32.645833333333336,comm_degrade,,,0.35
32.666666666666664,comm_degrade,,,0.35
32.6875,comm_degrade,,,0.35
32.708333333333336,comm_degrade,,,0.35
32.729166666666664,comm_degrade,,,0.35
32.75,comm_degrade,,,0.35
32.770833333333336,comm_degrade,,,0.35
32.791666666666664,comm_degrade,,,0.35
32.8125,comm_degrade,,,0.35
32.833333333333336,comm_degrade,,,0.35
32.854166666666664,comm_degrade,,,0.35
32.875,comm_degrade,,,0.35
32.895833333333336,comm_degrade,,,0.35
32.916666666666664,comm_degrade,,,0.35
32.9375,comm_degrade,,,0.35
32.958333333333336,comm_degrade,,,0.35
32.979166666666664,comm_degrade,,,0.35
33.0,comm_degrade,,,0.35
33.020833333333336,comm_degrade,,,0.35
33.041666666666664,comm_degrade,,,0.35
33.0625,comm_degrade,,,0.35
33.083333333333336,comm_degrade,,,0.35
33.104166666666664,comm_degrade,,,0.35
33.125,comm_degrade,,,0.35
33.145833333333336,comm_degrade,,,0.35
33.166666666666664,comm_degrade,,,0.35
33.1875,comm_degrade,,,0.35
33.208333333333336,comm_degrade,,,0.35
33.229166666666664,comm_degrade,,,0.35
33.25,comm_degrade,,,0.35
33.270833333333336,comm_degrade,,,0.35
33.291666666666664,comm_degrade,,,0.35
33.3125,comm_degrade,,,0.35
33.333333333333336,comm_degrade,,,0.35
33.354166666666664,comm_degrade,,,0.35
33.375,comm_degrade,,,0.35
33.395833333333336,comm_degrade,,,0.35
33.416666666666664,comm_degrade,,,0.35
33.4375,comm_degrade,,,0.35
33.458333333333336,comm_degrade,,,0.35
33.479166666666664,comm_degrade,,,0.35
33.5,comm_degrade,,,0.35
33.520833333333336,comm_degrade,,,0.35
33.541666666666664,comm_degrade,,,0.35
33.5625,comm_degrade,,,0.35
33.583333333333336,comm_degrade,,,0.35
33.604166666666664,comm_degrade,,,0.35
33.625,comm_degrade,,,0.35
33.645833333333336,comm_degrade,,,0.35
33.666666666666664,comm_degrade,,,0.35
33.6875,comm_degrade,,,0.35
33.708333333333336,comm_degrade,,,0.35
33.729166666666664,comm_degrade,,,0.35
33.75,comm_degrade,,,0.35
33.770833333333336,comm_degrade,,,0.35
33.791666666666664,comm_degrade,,,0.35
33.8125,comm_degrade,,,0.35
33.833333333333336,comm_degrade,,,0.35
33.854166666666664,comm_degrade,,,0.35
33.875,comm_degrade,,,0.35
33.895833333333336,comm_degrade,,,0.35
33.916666666666664,comm_degrade,,,0.35
33.9375,comm_degrade,,,0.35
33.958333333333336,comm_degrade,,,0.35
33.979166666666664,comm_degrade,,,0.35
34.0,comm_degrade,,,0.35
34.020833333333336,comm_degrade,,,0.35
34.041666666666664,comm_degrade,,,0.35
34.0625,comm_degrade,,,0.35
34.083333333333336,comm_degrade,,,0.35
34.104166666666664,comm_degrade,,,0.35
34.125,comm_degrade,,,0.35
34.145833333333336,comm_degrade,,,0.35
34.166666666666664,comm_degrade,,,0.35
34.1875,comm_degrade,,,0.35
34.208333333333336,comm_degrade,,,0.35
34.229166666666664,comm_degrade,,,0.35
34.25,comm_degrade,,,0.35
34.270833333333336,comm_degrade,,,0.35
34.291666666666664,comm_degrade,,,0.35
34.3125,comm_degrade,,,0.35
34.333333333333336,comm_degrade,,,0.35
34.354166666666664,comm_degrade,,,0.35
34.375,comm_degrade,,,0.35
34.395833333333336,comm_degrade,,,0.35
34.416666666666664,comm_degrade,,,0.35
34.4375,comm_degrade,,,0.35
34.458333333333336,comm_degrade,,,0.35
34.479166666666664,comm_degrade,,,0.35
34.5,comm_degrade,,,0.35
34.520833333333336,comm_degrade,,,0.35
34.541666666666664,comm_degrade,,,0.35
34.5625,comm_degrade,,,0.35
34.583333333333336,comm_degrade,,,0.35
34.604166666666664,comm_degrade,,,0.35
34.625,comm_degrade,,,0.35
34.645833333333336,comm_degrade,,,0.35
34.666666666666664,comm_degrade,,,0.35
34.6875,comm_degrade,,,0.35
34.708333333333336,comm_degrade,,,0.35
34.729166666666664,comm_degrade,,,0.35
34.75,comm_degrade,,,0.35
34.770833333333336,comm_degrade,,,0.35
34.791666666666664,comm_degrade,,,0.35
34.8125,comm_degrade,,,0.35
34.833333333333336,comm_degrade,,,0.35
34.854166666666664,comm_degrade,,,0.35
34.875,comm_degrade,,,0.35
34.895833333333336,comm_degrade,,,0.35
34.916666666666664,comm_degrade,,,0.35
34.9375,comm_degrade,,,0.35
34.958333333333336,comm_degrade,,,0.35
34.979166666666664,comm_degrade,,,0.35
35.0,comm_degrade,,,0.35
35.020833333333336,comm_degrade,,,0.35
35.041666666666664,comm_degrade,,,0.35
35.0625,comm_degrade,,,0.35
35.083333333333336,comm_degrade,,,0.35
35.104166666666664,comm_degrade,,,0.35
35.125,comm_degrade,,,0.35
35.145833333333336,comm_degrade,,,0.35
35.166666666666664,comm_degrade,,,0.35
35.1875,comm_degrade,,,0.35
35.208333333333336,comm_degrade,,,0.35
35.229166666666664,comm_degrade,,,0.35
35.25,comm_degrade,,,0.35
35.270833333333336,comm_degrade,,,0.35
35.291666666666664,comm_degrade,,,0.35
35.3125,comm_degrade,,,0.35
35.333333333333336,comm_degrade,,,0.35
35.354166666666664,comm_degrade,,,0.35
35.375,comm_degrade,,,0.35
35.395833333333336,comm_degrade,,,0.35
35.416666666666664,comm_degrade,,,0.35
35.4375,comm_degrade,,,0.35
35.458333333333336,comm_degrade,,,0.35
35.479166666666664,comm_degrade,,,0.35
35.5,comm_degrade,,,0.35
35.520833333333336,comm_degrade,,,0.35
35.541666666666664,comm_degrade,,,0.35
35.5625,comm_degrade,,,0.35
35.583333333333336,comm_degrade,,,0.35
35.604166666666664,comm_degrade,,,0.35
35.625,comm_degrade,,,0.35
35.645833333333336,comm_degrade,,,0.35
35.666666666666664,comm_degrade,,,0.35
35.6875,comm_degrade,,,0.35
35.708333333333336,comm_degrade,,,0.35
35.729166666666664,comm_degrade,,,0.35
35.75,comm_degrade,,,0.35
35.770833333333336,comm_degrade,,,0.35
35.791666666666664,comm_degrade,,,0.35
35.8125,comm_degrade,,,0.35
35.833333333333336,comm_degrade,,,0.35
35.854166666666664,comm_degrade,,,0.35
35.875,comm_degrade,,,0.35
35.895833333333336,comm_degrade,,,0.35
35.916666666666664,comm_degrade,,,0.35
35.9375,comm_degrade,,,0.35
35.958333333333336,comm_degrade,,,0.35
35.979166666666664,comm_degrade,,,0.35
36.0,comm_degrade,,,0.35
36.020833333333336,comm_degrade,,,0.35
36.041666666666664,comm_degrade,,,0.35
36.0625,comm_degrade,,,0.35
36.083333333333336,comm_degrade,,,0.35
36.104166666666664,comm_degrade,,,0.35
36.125,comm_degrade,,,0.35
36.145833333333336,comm_degrade,,,0.35
36.166666666666664,comm_degrade,,,0.35
36.1875,comm_degrade,,,0.35
36.208333333333336,comm_degrade,,,0.35
36.229166666666664,comm_degrade,,,0.35
36.25,comm_degrade,,,0.35
36.270833333333336,comm_degrade,,,0.35
36.291666666666664,comm_degrade,,,0.35
36.3125,comm_degrade,,,0.35
36.333333333333336,comm_degrade,,,0.35
36.354166666666664,comm_degrade,,,0.35
36.375,comm_degrade,,,0.35
36.395833333333336,comm_degrade,,,0.35
36.416666666666664,comm_degrade,,,0.35
36.4375,comm_degrade,,,0.35
36.458333333333336,comm_degrade,,,0.35
36.479166666666664,comm_degrade,,,0.35
36.5,comm_degrade,,,0.35
36.520833333333336,comm_degrade,,,0.35
36.541666666666664,comm_degrade,,,0.35
36.5625,comm_degrade,,,0.35
36.583333333333336,comm_degrade,,,0.35
36.604166666666664,comm_degrade,,,0.35
36.625,comm_degrade,,,0.35
36.645833333333336,comm_degrade,,,0.35
36.666666666666664,comm_degrade,,,0.35
36.6875,comm_degrade,,,0.35
36.708333333333336,comm_degrade,,,0.35
36.729166666666664,comm_degrade,,,0.35
36.75,comm_degrade,,,0.35
36.770833333333336,comm_degrade,,,0.35
36.791666666666664,comm_degrade,,,0.35
36.8125,comm_degrade,,,0.35
36.833333333333336,comm_degrade,,,0.35
36.854166666666664,comm_degrade,,,0.35
36.875,comm_degrade,,,0.35
36.895833333333336,comm_degrade,,,0.35
36.916666666666664,comm_degrade,,,0.35
36.9375,comm_degrade,,,0.35
36.958333333333336,comm_degrade,,,0.35
36.979166666666664,comm_degrade,,,0.35
37.0,comm_degrade,,,0.35
37.020833333333336,comm_degrade,,,0.35
37.041666666666664,comm_degrade,,,0.35
37.0625,comm_degrade,,,0.35
37.083333333333336,comm_degrade,,,0.35
37.104166666666664,comm_degrade,,,0.35
37.125,comm_degrade,,,0.35
37.145833333333336,comm_degrade,,,0.35
37.166666666666664,comm_degrade,,,0.35
37.1875,comm_degrade,,,0.35
37.208333333333336,comm_degrade,,,0.35
37.229166666666664,comm_degrade,,,0.35
37.25,comm_degrade,,,0.35
37.270833333333336,comm_degrade,,,0.35
37.291666666666664,comm_degrade,,,0.35
37.3125,comm_degrade,,,0.35
37.333333333333336,comm_degrade,,,0.35
37.354166666666664,comm_degrade,,,0.35
37.375,comm_degrade,,,0.35
37.395833333333336,comm_degrade,,,0.35
37.416666666666664,comm_degrade,,,0.35
37.4375,comm_degrade,,,0.35
37.458333333333336,comm_degrade,,,0.35
37.479166666666664,comm_degrade,,,0.35
37.5,comm_degrade,,,0.35
37.520833333333336,comm_degrade,,,0.35
37.541666666666664,comm_degrade,,,0.35
37.5625,comm_degrade,,,0.35
37.583333333333336,comm_degrade,,,0.35
37.604166666666664,comm_degrade,,,0.35
37.625,comm_degrade,,,0.35
37.645833333333336,comm_degrade,,,0.35
37.666666666666664,comm_degrade,,,0.35
37.6875,comm_degrade,,,0.35
37.708333333333336,comm_degrade,,,0.35
37.729166666666664,comm_degrade,,,0.35
37.75,comm_degrade,,,0.35
37.770833333333336,comm_degrade,,,0.35
37.791666666666664,comm_degrade,,,0.35
37.8125,comm_degrade,,,0.35
37.833333333333336,comm_degrade,,,0.35
37.854166666666664,comm_degrade,,,0.35
37.875,comm_degrade,,,0.35
37.895833333333336,comm_degrade,,,0.35
37.916666666666664,comm_degrade,,,0.35
37.9375,comm_degrade,,,0.35
37.958333333333336,comm_degrade,,,0.35
37.979166666666664,comm_degrade,,,0.35
38.0,,,,1.0
38.020833333333336,,,,1.0
38.041666666666664,,,,1.0
38.0625,,,,1.0
38.083333333333336,,,,1.0
38.104166666666664,,,,1.0
38.125,,,,1.0
38.145833333333336,,,,1.0
38.166666666666664,,,,1.0
38.1875,,,,1.0
38.208333333333336,,,,1.0
38.229166666666664,,,,1.0
38.25,,,,1.0
38.270833333333336,,,,1.0
38.291666666666664,,,,1.0
38.3125,,,,1.0
38.333333333333336,,,,1.0
38.354166666666664,,,,1.0
38.375,,,,1.0
38.395833333333336,,,,1.0
38.416666666666664,,,,1.0
38.4375,,,,1.0
38.458333333333336,,,,1.0
38.479166666666664,,,,1.0
38.5,,,,1.0
38.520833333333336,,,,1.0
38.541666666666664,,,,1.0
38.5625,,,,1.0
38.583333333333336,,,,1.0
38.604166666666664,,,,1.0
38.625,,,,1.0
38.645833333333336,,,,1.0
38.666666666666664,,,,1.0
38.6875,,,,1.0
38.708333333333336,,,,1.0
38.729166666666664,,,,1.0
38.75,,,,1.0
38.770833333333336,,,,1.0
38.791666666666664,,,,1.0
38.8125,,,,1.0
38.833333333333336,,,,1.0
38.854166666666664,,,,1.0
38.875,,,,1.0
38.895833333333336,,,,1.0
38.916666666666664,,,,1.0
38.9375,,,,1.0
38.958333333333336,,,,1.0
38.979166666666664,,,,1.0
39.0,,,,1.0
39.020833333333336,,,,1.0
39.041666666666664,,,,1.0
39.0625,,,,1.0
39.083333333333336,,,,1.0
39.104166666666664,,,,1.0
39.125,,,,1.0
39.145833333333336,,,,1.0
39.166666666666664,,,,1.0
39.1875,,,,1.0
39.208333333333336,,,,1.0
39.229166666666664,,,,1.0
39.25,,,,1.0
39.270833333333336,,,,1.0
39.291666666666664,,,,1.0
39.3125,,,,1.0
39.333333333333336,,,,1.0
39.354166666666664,,,,1.0
39.375,,,,1.0
39.395833333333336,,,,1.0
39.416666666666664,,,,1.0
39.4375,,,,1.0
39.458333333333336,,,,1.0
39.479166666666664,,,,1.0
39.5,,,,1.0
39.520833333333336,,,,1.0
39.541666666666664,,,,1.0
39.5625,,,,1.0
39.583333333333336,,,,1.0
39.604166666666664,,,,1.0
39.625,,,,1.0
39.645833333333336,,,,1.0
39.666666666666664,,,,1.0
39.6875,,,,1.0
39.708333333333336,,,,1.0
39.729166666666664,,,,1.0
39.75,,,,1.0
39.770833333333336,,,,1.0
39.791666666666664,,,,1.0
39.8125,,,,1.0
39.833333333333336,,,,1.0
39.854166666666664,,,,1.0
39.875,,,,1.0
39.895833333333336,,,,1.0
39.916666666666664,,,,1.0
39.9375,,,,1.0
39.958333333333336,,,,1.0
39.979166666666664,,,,1.0
40.0,,,,1.0
40.020833333333336,,,,1.0
40.041666666666664,,,,1.0
40.0625,,,,1.0
40.083333333333336,,,,1.0
40.104166666666664,,,,1.0
40.125,,,,1.0
40.145833333333336,,,,1.0
40.166666666666664,,,,1.0
40.1875,,,,1.0
40.208333333333336,,,,1.0
40.229166666666664,,,,1.0
40.25,,,,1.0
40.270833333333336,,,,1.0
40.291666666666664,,,,1.0
40.3125,,,,1.0
40.333333333333336,,,,1.0
40.354166666666664,,,,1.0
40.375,,,,1.0
40.395833333333336,,,,1.0
40.416666666666664,,,,1.0
40.4375,,,,1.0
40.458333333333336,,,,1.0
40.479166666666664,,,,1.0
40.5,,,,1.0
40.520833333333336,,,,1.0
40.541666666666664,,,,1.0
40.5625,,,,1.0
40.583333333333336,,,,1.0
40.604166666666664,,,,1.0
40.625,,,,1.0
40.645833333333336,,,,1.0
40.666666666666664,,,,1.0
40.6875,,,,1.0
40.708333333333336,,,,1.0
40.729166666666664,,,,1.0
40.75,,,,1.0
40.770833333333336,,,,1.0
40.791666666666664,,,,1.0
40.8125,,,,1.0
40.833333333333336,,,,1.0
40.854166666666664,,,,1.0
40.875,,,,1.0
40.895833333333336,,,,1.0
40.916666666666664,,,,1.0
40.9375,,,,1.0
40.958333333333336,,,,1.0
40.979166666666664,,,,1.0
41.0,,,,1.0
41.020833333333336,,,,1.0
41.041666666666664,,,,1.0
41.0625,,,,1.0
41.083333333333336,,,,1.0
41.104166666666664,,,,1.0
41.125,,,,1.0
41.145833333333336,,,,1.0
41.166666666666664,,,,1.0
41.1875,,,,1.0
41.208333333333336,,,,1.0
41.229166666666664,,,,1.0
41.25,,,,1.0
41.270833333333336,,,,1.0
41.291666666666664,,,,1.0
41.3125,,,,1.0
41.333333333333336,,,,1.0
41.354166666666664,,,,1.0
41.375,,,,1.0
41.395833333333336,,,,1.0
41.416666666666664,,,,1.0
41.4375,,,,1.0
41.458333333333336,,,,1.0
41.479166666666664,,,,1.0
41.5,,,,1.0
41.520833333333336,,,,1.0
41.541666666666664,,,,1.0
41.5625,,,,1.0
41.583333333333336,,,,1.0
41.604166666666664,,,,1.0
41.625,,,,1.0
41.645833333333336,,,,1.0
41.666666666666664,,,,1.0
41.6875,,,,1.0
41.708333333333336,,,,1.0
41.729166666666664,,,,1.0
41.75,,,,1.0
41.770833333333336,,,,1.0
41.791666666666664,,,,1.0
41.8125,,,,1.0
41.833333333333336,,,,1.0
41.854166666666664,,,,1.0
41.875,,,,1.0
41.895833333333336,,,,1.0
41.916666666666664,,,,1.0
41.9375,,,,1.0
41.958333333333336,,,,1.0
41.979166666666664,,,,1.0
42.0,,,,1.0
42.020833333333336,,,,1.0
42.041666666666664,,,,1.0
42.0625,,,,1.0
42.083333333333336,,,,1.0
42.104166666666664,,,,1.0
42.125,,,,1.0
42.145833333333336,,,,1.0
42.166666666666664,,,,1.0
42.1875,,,,1.0
42.208333333333336,,,,1.0
42.229166666666664,,,,1.0
42.25,,,,1.0
42.270833333333336,,,,1.0
42.291666666666664,,,,1.0
42.3125,,,,1.0
42.333333333333336,,,,1.0
42.354166666666664,,,,1.0
42.375,,,,1.0
42.395833333333336,,,,1.0
42.416666666666664,,,,1.0
42.4375,,,,1.0
42.458333333333336,,,,1.0
42.479166666666664,,,,1.0
42.5,,,,1.0
42.520833333333336,,,,1.0
42.541666666666664,,,,1.0
42.5625,,,,1.0
42.583333333333336,,,,1.0
42.604166666666664,,,,1.0
42.625,,,,1.0
42.645833333333336,,,,1.0
42.666666666666664,,,,1.0
42.6875,,,,1.0
42.708333333333336,,,,1.0
42.729166666666664,,,,1.0
42.75,,,,1.0
42.770833333333336,,,,1.0
42.791666666666664,,,,1.0
42.8125,,,,1.0
42.833333333333336,,,,1.0
42.854166666666664,,,,1.0
42.875,,,,1.0
42.895833333333336,,,,1.0
42.916666666666664,,,,1.0
42.9375,,,,1.0
42.958333333333336,,,,1.0
42.979166666666664,,,,1.0
43.0,,,,1.0
43.020833333333336,,,,1.0
43.041666666666664,,,,1.0
43.0625,,,,1.0
43.083333333333336,,,,1.0
43.104166666666664,,,,1.0
43.125,,,,1.0
43.145833333333336,,,,1.0
43.166666666666664,,,,1.0
43.1875,,,,1.0
43.208333333333336,,,,1.0
43.229166666666664,,,,1.0
43.25,,,,1.0
43.270833333333336,,,,1.0
43.291666666666664,,,,1.0
43.3125,,,,1.0
43.333333333333336,,,,1.0
43.354166666666664,,,,1.0
43.375,,,,1.0
43.395833333333336,,,,1.0
43.416666666666664,,,,1.0
43.4375,,,,1.0
43.458333333333336,,,,1.0
43.479166666666664,,,,1.0
43.5,,,,1.0
43.520833333333336,,,,1.0
43.541666666666664,,,,1.0
43.5625,,,,1.0
43.583333333333336,,,,1.0
43.604166666666664,,,,1.0
43.625,,,,1.0
43.645833333333336,,,,1.0
43.666666666666664,,,,1.0
43.6875,,,,1.0
43.708333333333336,,,,1.0
43.729166666666664,,,,1.0
43.75,,,,1.0
43.770833333333336,,,,1.0
43.791666666666664,,,,1.0
43.8125,,,,1.0
43.833333333333336,,,,1.0
43.854166666666664,,,,1.0
43.875,,,,1.0
43.895833333333336,,,,1.0
43.916666666666664,,,,1.0
43.9375,,,,1.0
43.958333333333336,,,,1.0
43.979166666666664,,,,1.0
44.0,,,,1.0
44.020833333333336,,,,1.0
44.041666666666664,,,,1.0
44.0625,,,,1.0
44.083333333333336,,,,1.0
44.104166666666664,,,,1.0
44.125,,,,1.0
44.145833333333336,,,,1.0
44.166666666666664,,,,1.0
44.1875,,,,1.0
44.208333333333336,,,,1.0
44.229166666666664,,,,1.0
44.25,,,,1.0
44.270833333333336,,,,1.0
44.291666666666664,,,,1.0
44.3125,,,,1.0
44.333333333333336,,,,1.0
44.354166666666664,,,,1.0
44.375,,,,1.0
44.395833333333336,,,,1.0
44.416666666666664,,,,1.0
44.4375,,,,1.0
44.458333333333336,,,,1.0
44.479166666666664,,,,1.0
44.5,,,,1.0
44.520833333333336,,,,1.0
44.541666666666664,,,,1.0
44.5625,,,,1.0
44.583333333333336,,,,1.0
44.604166666666664,,,,1.0
44.625,,,,1.0
44.645833333333336,,,,1.0
44.666666666666664,,,,1.0
44.6875,,,,1.0
44.708333333333336,,,,1.0
44.729166666666664,,,,1.0
44.75,,,,1.0
44.770833333333336,,,,1.0
44.791666666666664,,,,1.0
44.8125,,,,1.0
44.833333333333336,,,,1.0
44.854166666666664,,,,1.0
44.875,,,,1.0
44.895833333333336,,,,1.0
44.916666666666664,,,,1.0
44.9375,,,,1.0
44.958333333333336,,,,1.0
44.979166666666664,,,,1.0
45.0,,,,1.0
45.020833333333336,,,,1.0
45.041666666666664,,,,1.0
45.0625,,,,1.0
45.083333333333336,,,,1.0
45.104166666666664,,,,1.0
45.125,,,,1.0
45.145833333333336,,,,1.0
45.166666666666664,,,,1.0
45.1875,,,,1.0
45.208333333333336,,,,1.0
45.229166666666664,,,,1.0
45.25,,,,1.0
45.270833333333336,,,,1.0
45.291666666666664,,,,1.0
45.3125,,,,1.0
45.333333333333336,,,,1.0
45.354166666666664,,,,1.0
45.375,,,,1.0
45.395833333333336,,,,1.0
45.416666666666664,,,,1.0
45.4375,,,,1.0
45.458333333333336,,,,1.0
45.479166666666664,,,,1.0
45.5,,,,1.0
45.520833333333336,,,,1.0
45.541666666666664,,,,1.0
45.5625,,,,1.0
45.583333333333336,,,,1.0
45.604166666666664,,,,1.0
45.625,,,,1.0
45.645833333333336,,,,1.0
45.666666666666664,,,,1.0
45.6875,,,,1.0
45.708333333333336,,,,1.0
45.729166666666664,,,,1.0
45.75,,,,1.0
45.770833333333336,,,,1.0
45.791666666666664,,,,1.0
45.8125,,,,1.0
45.833333333333336,,,,1.0
45.854166666666664,,,,1.0
45.875,,,,1.0
45.895833333333336,,,,1.0
45.916666666666664,,,,1.0
45.9375,,,,1.0
45.958333333333336,,,,1.0
45.979166666666664,,,,1.0
46.0,,,,1.0
46.020833333333336,,,,1.0
46.041666666666664,,,,1.0
46.0625,,,,1.0
46.083333333333336,,,,1.0
46.104166666666664,,,,1.0
46.125,,,,1.0
46.145833333333336,,,,1.0
46.166666666666664,,,,1.0
46.1875,,,,1.0
46.208333333333336,,,,1.0
46.229166666666664,,,,1.0
46.25,,,,1.0
46.270833333333336,,,,1.0
46.291666666666664,,,,1.0
46.3125,,,,1.0
46.333333333333336,,,,1.0
46.354166666666664,,,,1.0
46.375,,,,1.0
46.395833333333336,,,,1.0
46.416666666666664,,,,1.0
46.4375,,,,1.0
46.458333333333336,,,,1.0
46.479166666666664,,,,1.0
46.5,,,,1.0
46.520833333333336,,,,1.0
46.541666666666664,,,,1.0
46.5625,,,,1.0
46.583333333333336,,,,1.0
46.604166666666664,,,,1.0
46.625,,,,1.0
46.645833333333336,,,,1.0
46.666666666666664,,,,1.0
46.6875,,,,1.0
46.708333333333336,,,,1.0
46.729166666666664,,,,1.0
46.75,,,,1.0
46.770833333333336,,,,1.0
46.791666666666664,,,,1.0
46.8125,,,,1.0
46.833333333333336,,,,1.0
46.854166666666664,,,,1.0
46.875,,,,1.0
46.895833333333336,,,,1.0
46.916666666666664,,,,1.0
46.9375,,,,1.0
46.958333333333336,,,,1.0
46.979166666666664,,,,1.0
47.0,,,,1.0
47.020833333333336,,,,1.0
47.041666666666664,,,,1.0
47.0625,,,,1.0
47.083333333333336,,,,1.0
47.104166666666664,,,,1.0
47.125,,,,1.0
47.145833333333336,,,,1.0
47.166666666666664,,,,1.0
47.1875,,,,1.0
47.208333333333336,,,,1.0
47.229166666666664,,,,1.0
47.25,,,,1.0
47.270833333333336,,,,1.0
47.291666666666664,,,,1.0
47.3125,,,,1.0
47.333333333333336,,,,1.0
47.354166666666664,,,,1.0
47.375,,,,1.0
47.395833333333336,,,,1.0
47.416666666666664,,,,1.0
47.4375,,,,1.0
47.458333333333336,,,,1.0
47.479166666666664,,,,1.0
47.5,,,,1.0
47.520833333333336,,,,1.0
47.541666666666664,,,,1.0
47.5625,,,,1.0
47.583333333333336,,,,1.0
47.604166666666664,,,,1.0
47.625,,,,1.0
47.645833333333336,,,,1.0
47.666666666666664,,,,1.0
47.6875,,,,1.0
47.708333333333336,,,,1.0
47.729166666666664,,,,1.0
47.75,,,,1.0
47.770833333333336,,,,1.0
47.791666666666664,,,,1.0
47.8125,,,,1.0
47.833333333333336,,,,1.0
47.854166666666664,,,,1.0
47.875,,,,1.0
47.895833333333336,,,,1.0
47.916666666666664,,,,1.0
47.9375,,,,1.0
47.958333333333336,,,,1.0
47.979166666666664,,,,1.0
48.0,,,,1.0
48.020833333333336,,,,1.0
48.041666666666664,,,,1.0
48.0625,,,,1.0
48.083333333333336,,,,1.0
48.104166666666664,,,,1.0
48.125,,,,1.0
48.145833333333336,,,,1.0
48.166666666666664,,,,1.0
48.1875,,,,1.0
48.208333333333336,,,,1.0
48.229166666666664,,,,1.0
48.25,,,,1.0
48.270833333333336,,,,1.0
48.291666666666664,,,,1.0
48.3125,,,,1.0
48.333333333333336,,,,1.0
48.354166666666664,,,,1.0
48.375,,,,1.0
48.395833333333336,,,,1.0
48.416666666666664,,,,1.0
48.4375,,,,1.0
48.458333333333336,,,,1.0
48.479166666666664,,,,1.0
48.5,,,,1.0
48.520833333333336,,,,1.0
48.541666666666664,,,,1.0
48.5625,,,,1.0
48.583333333333336,,,,1.0
48.604166666666664,,,,1.0
48.625,,,,1.0
48.645833333333336,,,,1.0
48.666666666666664,,,,1.0
48.6875,,,,1.0
48.708333333333336,,,,1.0
48.729166666666664,,,,1.0
48.75,,,,1.0
48.770833333333336,,,,1.0
48.791666666666664,,,,1.0
48.8125,,,,1.0
48.833333333333336,,,,1.0
48.854166666666664,,,,1.0
48.875,,,,1.0
48.895833333333336,,,,1.0
48.916666666666664,,,,1.0
48.9375,,,,1.0
48.958333333333336,,,,1.0
48.979166666666664,,,,1.0
49.0,,,,1.0
49.020833333333336,,,,1.0
49.041666666666664,,,,1.0
49.0625,,,,1.0
49.083333333333336,,,,1.0
49.104166666666664,,,,1.0
49.125,,,,1.0
49.145833333333336,,,,1.0
49.166666666666664,,,,1.0
49.1875,,,,1.0
49.208333333333336,,,,1.0
49.229166666666664,,,,1.0
49.25,,,,1.0
49.270833333333336,,,,1.0
49.291666666666664,,,,1.0
49.3125,,,,1.0
49.333333333333336,,,,1.0
49.354166666666664,,,,1.0
49.375,,,,1.0
49.395833333333336,,,,1.0
49.416666666666664,,,,1.0
49.4375,,,,1.0
49.458333333333336,,,,1.0
49.479166666666664,,,,1.0
49.5,,,,1.0
49.520833333333336,,,,1.0
49.541666666666664,,,,1.0
49.5625,,,,1.0
49.583333333333336,,,,1.0
49.604166666666664,,,,1.0
49.625,,,,1.0
49.645833333333336,,,,1.0
49.666666666666664,,,,1.0
49.6875,,,,1.0
49.708333333333336,,,,1.0
49.729166666666664,,,,1.0
49.75,,,,1.0
49.770833333333336,,,,1.0
49.791666666666664,,,,1.0
49.8125,,,,1.0
49.833333333333336,,,,1.0
49.854166666666664,,,,1.0
49.875,,,,1.0
49.895833333333336,,,,1.0
49.916666666666664,,,,1.0
49.9375,,,,1.0
49.958333333333336,,,,1.0
49.979166666666664,,,,1.0
50.0,,,,1.0
50.020833333333336,,,,1.0
50.041666666666664,,,,1.0
50.0625,,,,1.0
50.083333333333336,,,,1.0
50.104166666666664,,,,1.0
50.125,,,,1.0
50.145833333333336,,,,1.0
50.166666666666664,,,,1.0
50.1875,,,,1.0
50.208333333333336,,,,1.0
50.229166666666664,,,,1.0
50.25,,,,1.0
50.270833333333336,,,,1.0
50.291666666666664,,,,1.0
50.3125,,,,1.0
50.333333333333336,,,,1.0
50.354166666666664,,,,1.0
50.375,,,,1.0
50.395833333333336,,,,1.0
50.416666666666664,,,,1.0
50.4375,,,,1.0
50.458333333333336,,,,1.0
50.479166666666664,,,,1.0
50.5,,,,1.0
50.520833333333336,,,,1.0
50.541666666666664,,,,1.0
50.5625,,,,1.0
50.583333333333336,,,,1.0
50.604166666666664,,,,1.0
50.625,,,,1.0
50.645833333333336,,,,1.0
50.666666666666664,,,,1.0
50.6875,,,,1.0
50.708333333333336,,,,1.0
50.729166666666664,,,,1.0
50.75,,,,1.0
50.770833333333336,,,,1.0
50.791666666666664,,,,1.0
50.8125,,,,1.0
50.833333333333336,,,,1.0
50.854166666666664,,,,1.0
50.875,,,,1.0
50.895833333333336,,,,1.0
50.916666666666664,,,,1.0
50.9375,,,,1.0
50.958333333333336,,,,1.0
50.979166666666664,,,,1.0
51.0,,,,1.0
51.020833333333336,,,,1.0
51.041666666666664,,,,1.0
51.0625,,,,1.0
51.083333333333336,,,,1.0
51.104166666666664,,,,1.0
51.125,,,,1.0
51.145833333333336,,,,1.0
51.166666666666664,,,,1.0
51.1875,,,,1.0
51.208333333333336,,,,1.0
51.229166666666664,,,,1.0
51.25,,,,1.0
51.270833333333336,,,,1.0
51.291666666666664,,,,1.0
51.3125,,,,1.0
51.333333333333336,,,,1.0
51.354166666666664,,,,1.0
51.375,,,,1.0
51.395833333333336,,,,1.0
51.416666666666664,,,,1.0
51.4375,,,,1.0
51.458333333333336,,,,1.0
51.479166666666664,,,,1.0
51.5,,,,1.0
51.520833333333336,,,,1.0
51.541666666666664,,,,1.0
51.5625,,,,1.0
51.583333333333336,,,,1.0
51.604166666666664,,,,1.0
51.625,,,,1.0
51.645833333333336,,,,1.0
51.666666666666664,,,,1.0
51.6875,,,,1.0
51.708333333333336,,,,1.0
51.729166666666664,,,,1.0
51.75,,,,1.0
51.770833333333336,,,,1.0
51.791666666666664,,,,1.0
51.8125,,,,1.0
51.833333333333336,,,,1.0
51.854166666666664,,,,1.0
51.875,,,,1.0
51.895833333333336,,,,1.0
51.916666666666664,,,,1.0
51.9375,,,,1.0
51.958333333333336,,,,1.0
51.979166666666664,,,,1.0
52.0,,,,1.0
52.020833333333336,,,,1.0
52.041666666666664,,,,1.0
52.0625,,,,1.0
52.083333333333336,,,,1.0
52.104166666666664,,,,1.0
52.125,,,,1.0
52.145833333333336,,,,1.0
52.166666666666664,,,,1.0
52.1875,,,,1.0
52.208333333333336,,,,1.0
52.229166666666664,,,,1.0
52.25,,,,1.0
52.270833333333336,,,,1.0
52.291666666666664,,,,1.0
52.3125,,,,1.0
52.333333333333336,,,,1.0
52.354166666666664,,,,1.0
52.375,,,,1.0
52.395833333333336,,,,1.0
52.416666666666664,,,,1.0
52.4375,,,,1.0
52.458333333333336,,,,1.0
52.479166666666664,,,,1.0
52.5,,,,1.0
52.520833333333336,,,,1.0
52.541666666666664,,,,1.0
52.5625,,,,1.0
52.583333333333336,,,,1.0
52.604166666666664,,,,1.0
52.625,,,,1.0
52.645833333333336,,,,1.0
52.666666666666664,,,,1.0
52.6875,,,,1.0
52.708333333333336,,,,1.0
52.729166666666664,,,,1.0
52.75,,,,1.0
52.770833333333336,,,,1.0
52.791666666666664,,,,1.0
52.8125,,,,1.0
52.833333333333336,,,,1.0
52.854166666666664,,,,1.0
52.875,,,,1.0
52.895833333333336,,,,1.0
52.916666666666664,,,,1.0
52.9375,,,,1.0
52.958333333333336,,,,1.0
52.979166666666664,,,,1.0
53.0,,,,1.0
53.020833333333336,,,,1.0
53.041666666666664,,,,1.0
53.0625,,,,1.0
53.083333333333336,,,,1.0
53.104166666666664,,,,1.0
53.125,,,,1.0
53.145833333333336,,,,1.0
53.166666666666664,,,,1.0
53.1875,,,,1.0
53.208333333333336,,,,1.0
53.229166666666664,,,,1.0
53.25,,,,1.0
53.270833333333336,,,,1.0
53.291666666666664,,,,1.0
53.3125,,,,1.0
53.333333333333336,,,,1.0
53.354166666666664,,,,1.0
53.375,,,,1.0
53.395833333333336,,,,1.0
53.416666666666664,,,,1.0
53.4375,,,,1.0
53.458333333333336,,,,1.0
53.479166666666664,,,,1.0
53.5,,,,1.0
53.520833333333336,,,,1.0
53.541666666666664,,,,1.0
53.5625,,,,1.0
53.583333333333336,,,,1.0
53.604166666666664,,,,1.0
53.625,,,,1.0
53.645833333333336,,,,1.0
53.666666666666664,,,,1.0
53.6875,,,,1.0
53.708333333333336,,,,1.0
53.729166666666664,,,,1.0
53.75,,,,1.0
53.770833333333336,,,,1.0
53.791666666666664,,,,1.0
53.8125,,,,1.0
53.833333333333336,,,,1.0
53.854166666666664,,,,1.0
53.875,,,,1.0
53.895833333333336,,,,1.0
53.916666666666664,,,,1.0
53.9375,,,,1.0
53.958333333333336,,,,1.0
53.979166666666664,,,,1.0
54.0,,,,1.0
54.020833333333336,,,,1.0
54.041666666666664,,,,1.0
54.0625,,,,1.0
54.083333333333336,,,,1.0
54.104166666666664,,,,1.0
54.125,,,,1.0
54.145833333333336,,,,1.0
54.166666666666664,,,,1.0
54.1875,,,,1.0
54.208333333333336,,,,1.0
54.229166666666664,,,,1.0
54.25,,,,1.0
54.270833333333336,,,,1.0
54.291666666666664,,,,1.0
54.3125,,,,1.0
54.333333333333336,,,,1.0
54.354166666666664,,,,1.0
54.375,,,,1.0
54.395833333333336,,,,1.0
54.416666666666664,,,,1.0
54.4375,,,,1.0
54.458333333333336,,,,1.0
54.479166666666664,,,,1.0
54.5,,,,1.0
54.520833333333336,,,,1.0
54.541666666666664,,,,1.0
54.5625,,,,1.0
54.583333333333336,,,,1.0
54.604166666666664,,,,1.0
54.625,,,,1.0
54.645833333333336,,,,1.0
54.666666666666664,,,,1.0
54.6875,,,,1.0
54.708333333333336,,,,1.0
54.729166666666664,,,,1.0
54.75,,,,1.0
54.770833333333336,,,,1.0
54.791666666666664,,,,1.0
54.8125,,,,1.0
54.833333333333336,,,,1.0
54.854166666666664,,,,1.0
54.875,,,,1.0
54.895833333333336,,,,1.0
54.916666666666664,,,,1.0
54.9375,,,,1.0
54.958333333333336,,,,1.0
54.979166666666664,,,,1.0
55.0,,,,1.0
55.020833333333336,,,,1.0
55.041666666666664,,,,1.0
55.0625,,,,1.0
55.083333333333336,,,,1.0
55.104166666666664,,,,1.0
55.125,,,,1.0
55.145833333333336,,,,1.0
55.166666666666664,,,,1.0
55.1875,,,,1.0
55.208333333333336,,,,1.0
55.229166666666664,,,,1.0
55.25,,,,1.0
55.270833333333336,,,,1.0
55.291666666666664,,,,1.0
55.3125,,,,1.0
55.333333333333336,,,,1.0
55.354166666666664,,,,1.0
55.375,,,,1.0
55.395833333333336,,,,1.0
55.416666666666664,,,,1.0
55.4375,,,,1.0
55.458333333333336,,,,1.0
55.479166666666664,,,,1.0
55.5,,,,1.0
55.520833333333336,,,,1.0
55.541666666666664,,,,1.0
55.5625,,,,1.0
55.583333333333336,,,,1.0
55.604166666666664,,,,1.0
55.625,,,,1.0
55.645833333333336,,,,1.0
55.666666666666664,,,,1.0
55.6875,,,,1.0
55.708333333333336,,,,1.0
55.729166666666664,,,,1.0
55.75,,,,1.0
55.770833333333336,,,,1.0
55.791666666666664,,,,1.0
55.8125,,,,1.0
55.833333333333336,,,,1.0
55.854166666666664,,,,1.0
55.875,,,,1.0
55.895833333333336,,,,1.0
55.916666666666664,,,,1.0
55.9375,,,,1.0
55.958333333333336,,,,1.0
55.979166666666664,,,,1.0
56.0,,,,1.0
56.020833333333336,,,,1.0
56.041666666666664,,,,1.0
56.0625,,,,1.0
56.083333333333336,,,,1.0
56.104166666666664,,,,1.0
56.125,,,,1.0
56.145833333333336,,,,1.0
56.166666666666664,,,,1.0
56.1875,,,,1.0
56.208333333333336,,,,1.0
56.229166666666664,,,,1.0
56.25,,,,1.0
56.270833333333336,,,,1.0
56.291666666666664,,,,1.0
56.3125,,,,1.0
56.333333333333336,,,,1.0
56.354166666666664,,,,1.0
56.375,,,,1.0
56.395833333333336,,,,1.0
56.416666666666664,,,,1.0
56.4375,,,,1.0
56.458333333333336,,,,1.0
56.479166666666664,,,,1.0
56.5,,,,1.0
56.520833333333336,,,,1.0
56.541666666666664,,,,1.0
56.5625,,,,1.0
56.583333333333336,,,,1.0
56.604166666666664,,,,1.0
56.625,,,,1.0
56.645833333333336,,,,1.0
56.666666666666664,,,,1.0
56.6875,,,,1.0
56.708333333333336,,,,1.0
56.729166666666664,,,,1.0
56.75,,,,1.0
56.770833333333336,,,,1.0
56.791666666666664,,,,1.0
56.8125,,,,1.0
56.833333333333336,,,,1.0
56.854166666666664,,,,1.0
56.875,,,,1.0
56.895833333333336,,,,1.0
56.916666666666664,,,,1.0
56.9375,,,,1.0
56.958333333333336,,,,1.0
56.979166666666664,,,,1.0
57.0,,,,1.0
57.020833333333336,,,,1.0
57.041666666666664,,,,1.0
57.0625,,,,1.0
57.083333333333336,,,,1.0
57.104166666666664,,,,1.0
57.125,,,,1.0
57.145833333333336,,,,1.0
57.166666666666664,,,,1.0
57.1875,,,,1.0
57.208333333333336,,,,1.0
57.229166666666664,,,,1.0
57.25,,,,1.0
57.270833333333336,,,,1.0
57.291666666666664,,,,1.0
57.3125,,,,1.0
57.333333333333336,,,,1.0
57.354166666666664,,,,1.0
57.375,,,,1.0
57.395833333333336,,,,1.0
57.416666666666664,,,,1.0
57.4375,,,,1.0
57.458333333333336,,,,1.0
57.479166666666664,,,,1.0
57.5,,,,1.0
57.520833333333336,,,,1.0
57.541666666666664,,,,1.0
57.5625,,,,1.0
57.583333333333336,,,,1.0
57.604166666666664,,,,1.0
57.625,,,,1.0
57.645833333333336,,,,1.0
57.666666666666664,,,,1.0
57.6875,,,,1.0
57.708333333333336,,,,1.0
57.729166666666664,,,,1.0
57.75,,,,1.0
57.770833333333336,,,,1.0
57.791666666666664,,,,1.0
57.8125,,,,1.0
57.833333333333336,,,,1.0
57.854166666666664,,,,1.0
57.875,,,,1.0
57.895833333333336,,,,1.0
57.916666666666664,,,,1.0
57.9375,,,,1.0
57.958333333333336,,,,1.0
57.979166666666664,,,,1.0
58.0,,,,1.0
58.020833333333336,,,,1.0
58.041666666666664,,,,1.0
58.0625,,,,1.0
58.083333333333336,,,,1.0
58.104166666666664,,,,1.0
58.125,,,,1.0
58.145833333333336,,,,1.0
58.166666666666664,,,,1.0
58.1875,,,,1.0
58.208333333333336,,,,1.0
58.229166666666664,,,,1.0
58.25,,,,1.0
58.270833333333336,,,,1.0
58.291666666666664,,,,1.0
58.3125,,,,1.0
58.333333333333336,,,,1.0
58.354166666666664,,,,1.0
58.375,,,,1.0
58.395833333333336,,,,1.0
58.416666666666664,,,,1.0
58.4375,,,,1.0
58.458333333333336,,,,1.0
58.479166666666664,,,,1.0
58.5,,,,1.0
58.520833333333336,,,,1.0
58.541666666666664,,,,1.0
58.5625,,,,1.0
58.583333333333336,,,,1.0
58.604166666666664,,,,1.0
58.625,,,,1.0
58.645833333333336,,,,1.0
58.666666666666664,,,,1.0
58.6875,,,,1.0
58.708333333333336,,,,1.0
58.729166666666664,,,,1.0
58.75,,,,1.0
58.770833333333336,,,,1.0
58.791666666666664,,,,1.0
58.8125,,,,1.0
58.833333333333336,,,,1.0
58.854166666666664,,,,1.0
58.875,,,,1.0
58.895833333333336,,,,1.0
58.916666666666664,,,,1.0
58.9375,,,,1.0
58.958333333333336,,,,1.0
58.979166666666664,,,,1.0
59.0,,,,1.0
59.020833333333336,,,,1.0
59.041666666666664,,,,1.0
59.0625,,,,1.0
59.083333333333336,,,,1.0
59.104166666666664,,,,1.0
59.125,,,,1.0
59.145833333333336,,,,1.0
59.166666666666664,,,,1.0
59.1875,,,,1.0
59.208333333333336,,,,1.0
59.229166666666664,,,,1.0
59.25,,,,1.0
59.270833333333336,,,,1.0
59.291666666666664,,,,1.0
59.3125,,,,1.0
59.333333333333336,,,,1.0
59.354166666666664,,,,1.0
59.375,,,,1.0
59.395833333333336,,,,1.0
59.416666666666664,,,,1.0
59.4375,,,,1.0
59.458333333333336,,,,1.0
59.479166666666664,,,,1.0
59.5,,,,1.0
59.520833333333336,,,,1.0
59.541666666666664,,,,1.0
59.5625,,,,1.0
59.583333333333336,,,,1.0
59.604166666666664,,,,1.0
59.625,,,,1.0
59.645833333333336,,,,1.0
59.666666666666664,,,,1.0
59.6875,,,,1.0
59.708333333333336,,,,1.0
59.729166666666664,,,,1.0
59.75,,,,1.0
59.770833333333336,,,,1.0
59.791666666666664,,,,1.0
59.8125,,,,1.0
59.833333333333336,,,,1.0
59.854166666666664,,,,1.0
59.875,,,,1.0
59.895833333333336,,,,1.0
59.916666666666664,,,,1.0
59.9375,,,,1.0
59.958333333333336,,,,1.0
59.979166666666664,,,,1.0
